bin	contig	len
OWC_0000	OWC_0000_k121_11966362	3751
OWC_0000	OWC_0000_k121_11989202	3207
OWC_0000	OWC_0000_k121_13641091	5648
OWC_0010	OWC_0010_k121_7880469	35804
OWC_0011	OWC_0011_k121_19607391	2676
OWC_0011	OWC_0011_k121_19113944	5756
OWC_0011	OWC_0011_k121_24770254	4482
OWC_0015	OWC_0015_k121_7639966	8392
OWC_0015	OWC_0015_k121_11840190	10515
OWC_0015	OWC_0015_k121_16761344	4570
OWC_0021	OWC_0021_scaffold_36777	2600
OWC_0022	OWC_0022_scaffold_5821	4673
OWC_0023	OWC_0023_k121_11299258	7702
OWC_0023	OWC_0023_k121_12901797	15165
OWC_0023	OWC_0023_k121_17257105	5851
OWC_0023	OWC_0023_k121_27312076	2912
OWC_0034	OWC_0034_scaffold_7134	5362
OWC_0037	OWC_0037_k121_16011548	4769
OWC_0037	OWC_0037_k121_20122695	8699
OWC_0038	OWC_0038_k121_26079827	3190
OWC_0048	OWC_0048_k121_44279586	8871
OWC_0049	OWC_0049_k121_2897046	35136
OWC_0049	OWC_0049_k121_3286868	9550
OWC_0049	OWC_0049_k121_9521326	23963
OWC_0049	OWC_0049_k121_10246389	9204
OWC_0049	OWC_0049_k121_11549224	13160
OWC_0049	OWC_0049_k121_13006743	22351
OWC_0049	OWC_0049_k121_14547214	17887
OWC_0056	OWC_0056_k121_13858047	4739
OWC_0056	OWC_0056_k121_26969061	3203
OWC_0057	OWC_0057_scaffold00093	78169
OWC_0058	OWC_0058_scaffold00006	315949
OWC_0058	OWC_0058_scaffold00007	276961
OWC_0058	OWC_0058_scaffold00010	213048
OWC_0058	OWC_0058_scaffold00020	156193
OWC_0058	OWC_0058_scaffold00035	132230
OWC_0058	OWC_0058_scaffold00145	63563
OWC_0066	OWC_0066_k121_26774988	1667
OWC_0081	OWC_0081_scaffold_42953	3003
OWC_0087	OWC_0087_k121_6368946	11084
OWC_0087	OWC_0087_k121_12523720	4094
OWC_0089	OWC_0089_scaffold_10565	6958
OWC_0092	OWC_0092_scaffold_4020	5461
OWC_0093	OWC_0093_scaffold_72074	3231
OWC_0093	OWC_0093_scaffold_23921	5301
OWC_0093	OWC_0093_scaffold_104202	2712
OWC_0094	OWC_0094_scaffold14084	5780
OWC_0094	OWC_0094_scaffold64971	3166
OWC_0094	OWC_0094_scaffold65931	3147
OWC_0097	OWC_0097_k121_11477406	2251
OWC_0100	OWC_0100_k121_8788325	22614
OWC_0100	OWC_0100_k121_8420231	41529
OWC_0101	OWC_0101_k121_14041654	4057
OWC_0102	OWC_0102_scaffold_138	21511
OWC_0102	OWC_0102_scaffold_3796	5897
OWC_0102	OWC_0102_scaffold_5572	2593
OWC_0102	OWC_0102_scaffold_7826	2223
OWC_0103	OWC_0103_scaffold_2345	9350
OWC_0103	OWC_0103_scaffold_5193	9960
OWC_0103	OWC_0103_scaffold_21947	6332
OWC_0103	OWC_0103_scaffold_82065	3572
OWC_0104	OWC_0104_scaffold_20634	5653
OWC_0104	OWC_0104_scaffold_6907	9020
OWC_0104	OWC_0104_scaffold_26482	5079
OWC_0104	OWC_0104_scaffold_35418	4466
OWC_0104	OWC_0104_scaffold_41955	4139
OWC_0104	OWC_0104_scaffold_23186	5375
OWC_0104	OWC_0104_scaffold_11834	7204
OWC_0104	OWC_0104_scaffold_18794	5895
OWC_0104	OWC_0104_scaffold_39383	4262
OWC_0105	OWC_0105_scaffold53238	3266
OWC_0124	OWC_0124_k121_336258	3297
OWC_0124	OWC_0124_k121_25281410	15102
OWC_0140	OWC_0140_k121_5550026	11411
OWC_0141	OWC_0141_scaffold02982	15478
OWC_0141	OWC_0141_scaffold04036	13511
OWC_0144	OWC_0144_k121_17116834	8168
OWC_0147	OWC_0147_k121_10564705	8148
OWC_0148	OWC_0148_k121_11114017	100245
OWC_0148	OWC_0148_k121_13427932	59202
OWC_0159	OWC_0159_k121_8203521	3163
OWC_0159	OWC_0159_k121_62733793	9455
OWC_0161	OWC_0161_k121_56091372	11020
OWC_0163	OWC_0163_k121_794212	3062
OWC_0164	OWC_0164_k121_804335	9730
OWC_0173	OWC_0173_k121_16149582	2823
OWC_0178	OWC_0178_k121_4521955	3548
OWC_0179	OWC_0179_k121_17259544	13282
OWC_0181	OWC_0181_k121_1602947	6534
OWC_0181	OWC_0181_k121_6938775	4889
OWC_0182	OWC_0182_k121_12306123	4759
OWC_0182	OWC_0182_k121_22995119	3984
OWC_0184	OWC_0184_k121_12780727	9580
OWC_0198	OWC_0198_k121_21752400	4095
OWC_0216	OWC_0216_k121_505772	3439
OWC_0235	OWC_0235_scaffold80898	3022
OWC_0240	OWC_0240_k121_28098324	4585
OWC_0245	OWC_0245_scaffold114664	2576
OWC_0263	OWC_0263_k121_7019865	3194
OWC_0264	OWC_0264_k121_5141939	3407
OWC_0264	OWC_0264_k121_10696520	2774
OWC_0264	OWC_0264_k121_12124321	7209
OWC_0264	OWC_0264_k121_21183578	4594
OWC_0270	OWC_0270_k121_8597097	2636
OWC_0290	OWC_0290_scaffold_91892	2732
OWC_0316	OWC_0316_k121_8728586	3787
OWC_0318	OWC_0318_k121_1450507	37394
OWC_0318	OWC_0318_k121_3068368	19787
OWC_0318	OWC_0318_k121_8857989	33898
OWC_0318	OWC_0318_k121_22921291	27302
OWC_0319	OWC_0319_scaffold_3535	14180
OWC_0319	OWC_0319_scaffold_1086	26641
OWC_0319	OWC_0319_scaffold_0	790206
OWC_0319	OWC_0319_scaffold_265	45291
OWC_0319	OWC_0319_scaffold_2	449206
OWC_0320	OWC_0320_k121_21497319	4704
OWC_0321	OWC_0321_k121_7303304	2681
OWC_0321	OWC_0321_k121_11244267	6322
OWC_0322	OWC_0322_k121_11471001	5519
OWC_0322	OWC_0322_k121_22480965	9388
OWC_0322	OWC_0322_k121_22687826	14411
OWC_0328	OWC_0328_k121_8397186	5097
OWC_0329	OWC_0329_k121_3101519	14570
OWC_0329	OWC_0329_k121_7791569	43190
OWC_0329	OWC_0329_k121_25752970	14727
OWC_0330	OWC_0330_k121_41590798	6365
OWC_0331	OWC_0331_k121_7504029	8914
OWC_0334	OWC_0334_k121_6381578	3169
OWC_0335	OWC_0335_k121_27620152	7376
OWC_0337	OWC_0337_k121_15732468	3816
OWC_0337	OWC_0337_k121_22099064	13035
OWC_0337	OWC_0337_k121_30997209	2699
OWC_0338	OWC_0338_k121_2250050	5065
OWC_0339	OWC_0339_scaffold_4917	12583
OWC_0339	OWC_0339_scaffold_44904	2675
OWC_0340	OWC_0340_k121_26331035	7319
OWC_0340	OWC_0340_k121_49359544	2616
OWC_0342	OWC_0342_k121_9679289	2562
OWC_0342	OWC_0342_k121_12755813	7808
OWC_0344	OWC_0344_k121_8363734	8767
OWC_0345	OWC_0345_k121_3172588	3725
OWC_0346	OWC_0346_k121_2021991	2929
OWC_0346	OWC_0346_k121_6518535	2718
OWC_0346	OWC_0346_k121_12959238	8081
OWC_0346	OWC_0346_k121_24724470	3159
OWC_0347	OWC_0347_k121_667797	10054
OWC_0347	OWC_0347_k121_5883747	2877
OWC_0347	OWC_0347_k121_11174750	4190
OWC_0347	OWC_0347_k121_16116773	3800
OWC_0348	OWC_0348_scaffold16783	7127
OWC_0348	OWC_0348_scaffold22087	6288
OWC_0349	OWC_0349_k121_12189550	6068
OWC_0349	OWC_0349_k121_14737317	17016
OWC_0350	OWC_0350_k121_1693652	16087
OWC_0350	OWC_0350_k121_4650457	21977
OWC_0350	OWC_0350_k121_6937900	54997
OWC_0350	OWC_0350_k121_8711191	31245
OWC_0350	OWC_0350_k121_11743799	15248
OWC_0350	OWC_0350_k121_12842072	21087
OWC_0350	OWC_0350_k121_16501991	12603
OWC_0350	OWC_0350_k121_17579827	27403
OWC_0350	OWC_0350_k121_20747479	26857
OWC_0350	OWC_0350_k121_21567982	146487
OWC_0350	OWC_0350_k121_24988764	17404
OWC_0350	OWC_0350_k121_27719389	13671
OWC_0351	OWC_0351_k121_3807790	14879
OWC_0351	OWC_0351_k121_5890884	40615
OWC_0351	OWC_0351_k121_6829970	4692
OWC_0351	OWC_0351_k121_7743453	24071
OWC_0351	OWC_0351_k121_8495043	24299
OWC_0351	OWC_0351_k121_13609155	14145
OWC_0351	OWC_0351_k121_15107496	22027
OWC_0351	OWC_0351_k121_19175500	7735
OWC_0351	OWC_0351_k121_23725895	25395
OWC_0353	OWC_0353_k121_36354988	3619
OWC_0354	OWC_0354_k121_24852575	3096
OWC_0355	OWC_0355_k121_18674382	6837
OWC_0356	OWC_0356_k121_15888969	5044
OWC_0358	OWC_0358_k121_14561478	2838
OWC_0358	OWC_0358_k121_26537455	4192
OWC_0359	OWC_0359_k121_1159821	6930
OWC_0359	OWC_0359_k121_6619393	17957
OWC_0359	OWC_0359_k121_7523245	13662
OWC_0359	OWC_0359_k121_19444777	2898
OWC_0360	OWC_0360_k121_21719807	6765
OWC_0361	OWC_0361_k121_153349	4499
OWC_0361	OWC_0361_k121_4087266	10792
OWC_0361	OWC_0361_k121_6603564	5191
OWC_0361	OWC_0361_k121_22712738	3614
OWC_0362	OWC_0362_k121_7920894	3952
OWC_0364	OWC_0364_k121_7635989	2988
OWC_0364	OWC_0364_k121_11493828	25392
OWC_0366	OWC_0366_k121_5187346	7687
OWC_0366	OWC_0366_k121_3254421	4543
OWC_0367	OWC_0367_k121_5459365	26764
OWC_0367	OWC_0367_k121_9841433	2931
OWC_0367	OWC_0367_k121_22649929	2795
OWC_0367	OWC_0367_k121_28079094	12705
OWC_0370	OWC_0370_k121_2041478	9054
OWC_0370	OWC_0370_k121_7333973	20549
OWC_0370	OWC_0370_k121_7486585	22057
OWC_0370	OWC_0370_k121_15193570	27806
OWC_0370	OWC_0370_k121_16781198	4853
OWC_0370	OWC_0370_k121_18283542	12739
OWC_0370	OWC_0370_k121_18640860	8417
OWC_0370	OWC_0370_k121_26319180	12628
OWC_0371	OWC_0371_k121_47707216	3458
OWC_0372	OWC_0372_k121_2766621	3261
OWC_0373	OWC_0373_scaffold_583	16093
OWC_0374	OWC_0374_scaffold_5446	8265
OWC_0374	OWC_0374_scaffold_9201	7804
OWC_0377	OWC_0377_k121_3314558	4024
OWC_0378	OWC_0378_k121_8316541	4951
OWC_0380	OWC_0380_k121_8807060	4299
OWC_0384	OWC_0384_k121_5042820	3139
OWC_0386	OWC_0386_k121_11113810	10678
OWC_0396	OWC_0396_k121_16607061	60283
OWC_0400	OWC_0400_k121_3844071	39878
OWC_0400	OWC_0400_k121_7233272	40982
OWC_0405	OWC_0405_k121_3022777	16365
OWC_0405	OWC_0405_k121_8646700	14157
OWC_0406	OWC_0406_k121_11689707	3498
OWC_0406	OWC_0406_k121_24239726	20320
OWC_0406	OWC_0406_k121_24676842	15937
OWC_0408	OWC_0408_k121_399172	5804
OWC_0414	OWC_0414_k121_8052977	7585
OWC_0421	OWC_0421_k121_6570091	4536
OWC_0429	OWC_0429_k121_6219542	2726
OWC_0429	OWC_0429_k121_6886836	6872
OWC_0429	OWC_0429_k121_24027794	2580
OWC_0430	OWC_0430_k121_45374580	7622
OWC_0431	OWC_0431_k121_394819	1405567
OWC_0432	OWC_0432_k121_254975	54437
OWC_0433	OWC_0433_k121_10721417	6160
OWC_0437	OWC_0437_k121_2473348	4771
OWC_0438	OWC_0438_k121_8499914	3790
OWC_0440	OWC_0440_k121_15677170	23173
OWC_0440	OWC_0440_k121_28023351	2742
OWC_0442	OWC_0442_k121_2239607	2867
OWC_0453	OWC_0453_scaffold_94	44905
OWC_0453	OWC_0453_scaffold_422	24715
OWC_0453	OWC_0453_scaffold_445	26117
OWC_0453	OWC_0453_scaffold_1461	14310
OWC_0453	OWC_0453_scaffold_16292	5251
OWC_0453	OWC_0453_scaffold_16469	8953
OWC_0454	OWC_0454_k121_50256172	2656
OWC_0457	OWC_0457_k121_1348661	2941
OWC_0459	OWC_0459_k121_2821128	2650
OWC_0467	OWC_0467_scaffold_54925	2672
OWC_0469	OWC_0469_scaffold_23604	3408
OWC_0473	OWC_0473_k121_4875055	3370
OWC_0474	OWC_0474_k121_18015049	2799
OWC_0475	OWC_0475_k121_47654473	5200
OWC_0480	OWC_0480_k121_2061051	4812
OWC_0484	OWC_0484_k121_15540005	5486
OWC_0487	OWC_0487_k121_10979174	8362
OWC_0489	OWC_0489_k121_8791635	5818
OWC_0492	OWC_0492_scaffold_5883	7168
OWC_0496	OWC_0496_k121_3228123	6352
OWC_0497	OWC_0497_k121_33233730	2527
OWC_0498	OWC_0498_k121_1059623	5290
OWC_0502	OWC_0502_k121_6255723	26481
OWC_0502	OWC_0502_k121_4476259	6522
OWC_0504	OWC_0504_k121_11620219	5415
OWC_0505	OWC_0505_k121_17766317	15328
OWC_0506	OWC_0506_k121_1907737	7522
OWC_0506	OWC_0506_k121_9949479	8822
OWC_0506	OWC_0506_k121_10780295	3493
OWC_0506	OWC_0506_k121_19656701	10080
OWC_0506	OWC_0506_k121_28866200	7692
OWC_0508	OWC_0508_k121_18668972	4330
OWC_0510	OWC_0510_k121_6012052	3698
OWC_0512	OWC_0512_k121_16694989	3625
OWC_0512	OWC_0512_k121_17384689	4701
OWC_0512	OWC_0512_k121_23768214	5454
OWC_0514	OWC_0514_k121_5565245	4249
OWC_0518	OWC_0518_k121_2506660	4742
OWC_0519	OWC_0519_k121_7232440	3390
OWC_0520	OWC_0520_k121_1885801	6107
OWC_0520	OWC_0520_k121_1890638	3657
OWC_0521	OWC_0521_k121_41449028	18337
OWC_0522	OWC_0522_scaffold_152130	4391
OWC_0524	OWC_0524_scaffold_35252	3288
OWC_0532	OWC_0532_k121_4842145	5550
OWC_0533	OWC_0533_k121_5262701	2545
OWC_0533	OWC_0533_k121_821710	5805
OWC_0533	OWC_0533_k121_8824340	5729
OWC_0533	OWC_0533_k121_2925189	3932
OWC_0539	OWC_0539_scaffold_77815	2960
OWC_0540	OWC_0540_scaffold32371	4183
OWC_0540	OWC_0540_scaffold36404	3996
OWC_0550	OWC_0550_k121_1347580	10689
OWC_0550	OWC_0550_k121_3266944	6119
OWC_0550	OWC_0550_k121_4291477	3334
OWC_0550	OWC_0550_k121_11902026	16223
OWC_0550	OWC_0550_k121_12125025	39274
OWC_0550	OWC_0550_k121_14063287	2722
OWC_0552	OWC_0552_k121_47466424	4227
OWC_0552	OWC_0552_k121_19055045	3041
OWC_0554	OWC_0554_k121_736013	2525
OWC_0554	OWC_0554_k121_41289142	5757
OWC_0559	OWC_0559_k121_2922490	5302
OWC_0559	OWC_0559_k121_3033766	23601
OWC_0559	OWC_0559_k121_3829159	3476
OWC_0559	OWC_0559_k121_6295905	11416
OWC_0559	OWC_0559_k121_14359741	48073
OWC_0559	OWC_0559_k121_18164468	16590
OWC_0561	OWC_0561_k121_8073089	6798
OWC_0561	OWC_0561_k121_4051921	4166
OWC_0561	OWC_0561_k121_2323739	3883
OWC_0561	OWC_0561_k121_12223769	3835
OWC_0562	OWC_0562_scaffold_9929	5560
OWC_0567	OWC_0567_k121_7048707	2685
OWC_0572	OWC_0572_k121_33335181	2587
OWC_0573	OWC_0573_scaffold_33862	2706
OWC_0574	OWC_0574_k121_18863023	12788
OWC_0575	OWC_0575_k121_36594284	10489
OWC_0576	OWC_0576_scaffold_892	18005
OWC_0576	OWC_0576_scaffold_59250	3061
OWC_0577	OWC_0577_k121_895538	9995
OWC_0577	OWC_0577_k121_1222746	7251
OWC_0577	OWC_0577_k121_25666074	9436
OWC_0578	OWC_0578_k121_3250585	3111
OWC_0580	OWC_0580_scaffold_18149	4313
OWC_0581	OWC_0581_scaffold_372	10468
OWC_0582	OWC_0582_scaffold_21081	4800
OWC_0583	OWC_0583_scaffold_402	10447
OWC_0584	OWC_0584_scaffold_1732	6998
OWC_0584	OWC_0584_scaffold_25301	2751
OWC_0584	OWC_0584_scaffold_222797	2614
OWC_0586	OWC_0586_scaffold_22345	3063
OWC_0588	OWC_0588_k121_6044359	2770
OWC_0588	OWC_0588_k121_14945343	3374
OWC_0590	OWC_0590_k121_6792662	6739
OWC_0591	OWC_0591_scaffold_28062	2860
OWC_0592	OWC_0592_scaffold_2124	12057
OWC_0594	OWC_0594_scaffold_1424	7746
OWC_0595	OWC_0595_scaffold_9233	4097
OWC_0597	OWC_0597_scaffold_14720	5031
OWC_0597	OWC_0597_scaffold_40501	3056
OWC_0598	OWC_0598_scaffold_33	21658
OWC_0599	OWC_0599_scaffold_14446	3561
OWC_0599	OWC_0599_scaffold_30138	2608
OWC_0602	OWC_0602_k121_6206578	6693
OWC_0604	OWC_0604_k121_7140938	3628
OWC_0606	OWC_0606_scaffold_12342	3797
OWC_0607	OWC_0607_k121_9942907	8769
OWC_0607	OWC_0607_k121_1640560	9070
OWC_0609	OWC_0609_k121_4029329	6937
OWC_0611	OWC_0611_scaffold_6810	4487
OWC_0615	OWC_0615_k121_16171746	6403
OWC_0617	OWC_0617_k121_4753932	17244
OWC_0618	OWC_0618_k121_4073179	9696
OWC_0618	OWC_0618_k121_6875533	4706
OWC_0620	OWC_0620_k121_2942158	13516
OWC_0620	OWC_0620_k121_10379272	12026
OWC_0621	OWC_0621_scaffold_6033	11060
OWC_0622	OWC_0622_k121_3793496	6270
OWC_0623	OWC_0623_k121_4196757	13234
OWC_0625	OWC_0625_k121_1274050	41491
OWC_0625	OWC_0625_k121_2710644	5813
OWC_0627	OWC_0627_k121_18262794	12270
OWC_0627	OWC_0627_k121_33021653	4873
OWC_0630	OWC_0630_k121_4231201	4165
OWC_0631	OWC_0631_k121_368621	9323
OWC_0631	OWC_0631_k121_669321	7227
OWC_0631	OWC_0631_k121_2424410	12524
OWC_0631	OWC_0631_k121_7359795	5664
OWC_0631	OWC_0631_k121_8781731	25741
OWC_0631	OWC_0631_k121_9117360	4152
OWC_0631	OWC_0631_k121_9427926	3730
OWC_0631	OWC_0631_k121_10933600	24089
OWC_0631	OWC_0631_k121_15242272	5350
OWC_0631	OWC_0631_k121_19879520	15099
OWC_0631	OWC_0631_k121_21743077	5705
OWC_0631	OWC_0631_k121_22873083	3543
OWC_0631	OWC_0631_k121_24219882	12101
OWC_0631	OWC_0631_k121_24868797	9444
OWC_0632	OWC_0632_k121_13156001	10917
OWC_0633	OWC_0633_scaffold_34536	4797
OWC_0634	OWC_0634_k121_90883	5208
OWC_0657	OWC_0657_k121_35884799	2839
OWC_0659	OWC_0659_k121_264998	18776
OWC_0659	OWC_0659_k121_1600433	21114
OWC_0659	OWC_0659_k121_7406834	112643
OWC_0659	OWC_0659_k121_13735257	137226
OWC_0659	OWC_0659_k121_17840793	8052
OWC_0659	OWC_0659_k121_19253362	31570
OWC_0662	OWC_0662_k121_1949055	3531
OWC_0662	OWC_0662_k121_8735789	6396
OWC_0662	OWC_0662_k121_14278114	10033
OWC_0662	OWC_0662_k121_14854651	4934
OWC_0662	OWC_0662_k121_20391616	3892
OWC_0662	OWC_0662_k121_27291262	8321
OWC_0663	OWC_0663_k121_425932	5127
OWC_0663	OWC_0663_k121_353025	5006
OWC_0667	OWC_0667_k121_1622251	5012
OWC_0669	OWC_0669_scaffold05156	9946
OWC_0669	OWC_0669_scaffold09754	7643
OWC_0671	OWC_0671_k121_824964	18368
OWC_0671	OWC_0671_k121_2401787	15027
OWC_0682	OWC_0682_k121_17659925	5324
OWC_0688	OWC_0688_k121_18012871	9076
OWC_0696	OWC_0696_k121_4904280	137008
OWC_0696	OWC_0696_k121_24587283	94139
OWC_0699	OWC_0699_k121_16417851	2922
OWC_0699	OWC_0699_k121_21297387	3273
OWC_0702	OWC_0702_k121_48958436	5471
OWC_0705	OWC_0705_scaffold_55	27069
OWC_0705	OWC_0705_scaffold_371	15207
OWC_0705	OWC_0705_scaffold_3048	7661
OWC_0705	OWC_0705_scaffold_7447	5832
OWC_0705	OWC_0705_scaffold_18867	3750
OWC_0706	OWC_0706_k121_5245563	2734
OWC_0706	OWC_0706_k121_17975243	4839
OWC_0712	OWC_0712_k121_414209	3088
OWC_0714	OWC_0714_k121_493233	59965
OWC_0714	OWC_0714_k121_1420	15432
OWC_0714	OWC_0714_k121_134603	14890
OWC_0714	OWC_0714_k121_353729	30183
OWC_0714	OWC_0714_k121_488495	28705
OWC_0714	OWC_0714_k121_52784	51180
OWC_0715	OWC_0715_k121_25128	124365
OWC_0715	OWC_0715_k121_283124	10594
OWC_0715	OWC_0715_k121_378829	98148
OWC_0715	OWC_0715_k121_4293964	155618
OWC_0715	OWC_0715_k121_12369220	10346
OWC_0715	OWC_0715_k121_14564367	51169
OWC_0715	OWC_0715_k121_14673645	27721
OWC_0715	OWC_0715_k121_14818583	25124
OWC_0715	OWC_0715_k121_16775649	15644
OWC_0715	OWC_0715_k121_18888138	143602
OWC_0715	OWC_0715_k121_22439906	35151
OWC_0715	OWC_0715_k121_22700825	20805
OWC_0715	OWC_0715_k121_24944851	74311
OWC_0719	OWC_0719_scaffold36401	4338
OWC_0721	OWC_0721_k121_347194	10644
OWC_0721	OWC_0721_k121_238675	3370
OWC_0721	OWC_0721_k121_20849	19538
OWC_0721	OWC_0721_k121_280791	15238
OWC_0721	OWC_0721_k121_356342	8421
OWC_0721	OWC_0721_k121_506956	12207
OWC_0721	OWC_0721_k121_382148	5541
OWC_0728	OWC_0728_k121_33394740	25609
OWC_0728	OWC_0728_k121_63166977	19964
OWC_0729	OWC_0729_scaffold_949	26288
OWC_0729	OWC_0729_scaffold_14743	6633
OWC_0729	OWC_0729_scaffold_273	49948
OWC_0729	OWC_0729_scaffold_4860	11474
OWC_0729	OWC_0729_scaffold_605	33710
OWC_0730	OWC_0730_k121_8058734	89950
OWC_0730	OWC_0730_k121_16519522	26172
OWC_0730	OWC_0730_k121_25717026	9899
OWC_0731	OWC_0731_scaffold_963	9886
OWC_0732	OWC_0732_scaffold_26265	6808
OWC_0739	OWC_0739_k121_1347977	7424
OWC_0748	OWC_0748_k121_20093747	4209
OWC_0750	OWC_0750_scaffold22354	6255
OWC_0750	OWC_0750_scaffold48624	4343
OWC_0761	OWC_0761_k121_122931	45721
OWC_0761	OWC_0761_k121_810668	57417
OWC_0761	OWC_0761_k121_312518	133645
OWC_0761	OWC_0761_k121_30088	108007
OWC_0762	OWC_0762_k121_366226	5704
OWC_0762	OWC_0762_k121_90856	5508
OWC_0765	OWC_0765_k121_13550282	8225
OWC_0765	OWC_0765_k121_41437322	3137
OWC_0767	OWC_0767_k121_64499495	25966
OWC_0767	OWC_0767_k121_33707955	5445
OWC_0768	OWC_0768_k121_12115467	292194
OWC_0768	OWC_0768_k121_14700521	99470
OWC_0768	OWC_0768_k121_25283783	25930
OWC_0768	OWC_0768_k121_25607426	164275
OWC_0768	OWC_0768_k121_31339019	288160
OWC_0769	OWC_0769_k121_8798313	6006
OWC_0769	OWC_0769_k121_20239174	3462
OWC_0770	OWC_0770_k121_411901	7297
OWC_0770	OWC_0770_k121_1339040	62082
OWC_0770	OWC_0770_k121_5870899	12849
OWC_0770	OWC_0770_k121_9067362	12526
OWC_0770	OWC_0770_k121_10664608	32665
OWC_0770	OWC_0770_k121_11136361	3405
OWC_0770	OWC_0770_k121_13221081	10874
OWC_0770	OWC_0770_k121_14946341	7061
OWC_0770	OWC_0770_k121_18035752	6890
OWC_0770	OWC_0770_k121_33075562	18581
OWC_0771	OWC_0771_scaffold_886	20419
OWC_0771	OWC_0771_scaffold_26644	6487
OWC_0771	OWC_0771_scaffold_18617	5735
OWC_0773	OWC_0773_scaffold_1638	5773
OWC_0773	OWC_0773_scaffold_3330	4131
OWC_0773	OWC_0773_scaffold_18555	2502
OWC_0776	OWC_0776_k121_10722323	17045
OWC_0776	OWC_0776_k121_11205628	15098
OWC_0776	OWC_0776_k121_11871676	14050
OWC_0776	OWC_0776_k121_12590291	37109
OWC_0776	OWC_0776_k121_13276641	2727
OWC_0776	OWC_0776_k121_16644994	4116
OWC_0776	OWC_0776_k121_18948839	3374
OWC_0776	OWC_0776_k121_25894527	6941
OWC_0776	OWC_0776_k121_26405120	2519
OWC_0776	OWC_0776_k121_32084834	11989
OWC_0778	OWC_0778_scaffold_21429	2520
OWC_0779	OWC_0779_scaffold_18042	5081
OWC_0782	OWC_0782_k121_2556298	21706
OWC_0782	OWC_0782_k121_4312328	17525
OWC_0782	OWC_0782_k121_6974549	66952
OWC_0783	OWC_0783_k121_2556558	10461
OWC_0783	OWC_0783_k121_8715508	13161
OWC_0783	OWC_0783_k121_15990060	3203
OWC_0783	OWC_0783_k121_23807179	3210
OWC_0786	OWC_0786_k121_2391782	3561
OWC_0793	OWC_0793_k121_66217760	23118
OWC_0793	OWC_0793_k121_20980088	3100
OWC_0796	OWC_0796_k121_4527340	22103
OWC_0796	OWC_0796_k121_6593034	5437
OWC_0796	OWC_0796_k121_10319411	2968
OWC_0796	OWC_0796_k121_22972837	12972
OWC_0799	OWC_0799_k121_1241208	10620
OWC_0799	OWC_0799_k121_2795126	6750
OWC_0799	OWC_0799_k121_4251624	4985
OWC_0799	OWC_0799_k121_7802126	7918
OWC_0799	OWC_0799_k121_9465955	4525
OWC_0799	OWC_0799_k121_10392588	3084
OWC_0799	OWC_0799_k121_15118268	9287
OWC_0799	OWC_0799_k121_16990305	2952
OWC_0799	OWC_0799_k121_18074185	5421
OWC_0799	OWC_0799_k121_20086263	7183
OWC_0799	OWC_0799_k121_22415353	6690
OWC_0799	OWC_0799_k121_24742530	6206
OWC_0799	OWC_0799_k121_26650197	3701
OWC_0799	OWC_0799_k121_27281887	11331
OWC_0799	OWC_0799_k121_27801488	3822
OWC_0802	OWC_0802_k121_44027235	3047
OWC_0804	OWC_0804_k121_5885604	3166
OWC_0804	OWC_0804_k121_10850105	2541
OWC_0805	OWC_0805_k121_995226	8900
OWC_0806	OWC_0806_k121_6179693	8379
OWC_0812	OWC_0812_k121_7250903	3689
OWC_0816	OWC_0816_k121_32692584	2047
OWC_0818	OWC_0818_k121_1280126	18244
OWC_0819	OWC_0819_k121_22647014	4993
OWC_0820	OWC_0820_k121_3132709	5687
OWC_0823	OWC_0823_k121_8049571	7266
OWC_0827	OWC_0827_k121_23101514	3843
OWC_0827	OWC_0827_k121_5481205	2978
OWC_0829	OWC_0829_scaffold_36035	3783
OWC_0833	OWC_0833_scaffold23901	6058
OWC_0834	OWC_0834_k121_723611	13794
OWC_0838	OWC_0838_k121_45015216	18732
OWC_0838	OWC_0838_k121_22750138	4401
OWC_0838	OWC_0838_k121_39124464	5546
OWC_0840	OWC_0840_k121_74061087	3389
OWC_0841	OWC_0841_k121_7396756	4146
OWC_0844	OWC_0844_k121_14151040	4391
OWC_0849	OWC_0849_k121_11124437	8559
OWC_0849	OWC_0849_k121_27960238	3174
OWC_0854	OWC_0854_scaffold00104	73743
OWC_0854	OWC_0854_scaffold00609	33354
OWC_0854	OWC_0854_scaffold00809	28874
OWC_0858	OWC_0858_k121_709822	12674
OWC_0858	OWC_0858_k121_16590562	9113
OWC_0871	OWC_0871_k121_665365	3844
OWC_0871	OWC_0871_k121_1744322	3443
OWC_0871	OWC_0871_k121_1985787	16004
OWC_0871	OWC_0871_k121_6987895	15865
OWC_0871	OWC_0871_k121_7519851	7174
OWC_0871	OWC_0871_k121_7700467	4458
OWC_0871	OWC_0871_k121_9639184	28206
OWC_0871	OWC_0871_k121_12940228	70819
OWC_0871	OWC_0871_k121_13401870	26737
OWC_0871	OWC_0871_k121_14599365	4500
OWC_0871	OWC_0871_k121_27688271	11931
OWC_0873	OWC_0873_k121_1182630	8895
OWC_0873	OWC_0873_k121_4816121	6815
OWC_0873	OWC_0873_k121_12737772	3237
OWC_0873	OWC_0873_k121_14436712	7426
OWC_0873	OWC_0873_k121_14826358	11013
OWC_0873	OWC_0873_k121_21614098	2860
OWC_0878	OWC_0878_k121_61802135	15416
OWC_0878	OWC_0878_k121_42566937	8341
OWC_0881	OWC_0881_k121_22668536	3127
OWC_0889	OWC_0889_k121_45557303	3020
OWC_0890	OWC_0890_k121_1480296	8616
OWC_0891	OWC_0891_k121_3817342	12935
OWC_0891	OWC_0891_k121_4824392	3868
OWC_0895	OWC_0895_k121_8626680	3024
OWC_0905	OWC_0905_k121_154947	34541
OWC_0906	OWC_0906_k121_28174964	4287
OWC_0908	OWC_0908_scaffold35603	4376
OWC_0908	OWC_0908_scaffold63780	3370
OWC_0910	OWC_0910_k121_6393589	2661
OWC_0914	OWC_0914_k121_7886307	2535
OWC_0926	OWC_0926_scaffold_17458	4109
OWC_0929	OWC_0929_k121_8272171	3416
OWC_0938	OWC_0938_k121_9977825	4234
OWC_0941	OWC_0941_k121_27156553	2730
OWC_0942	OWC_0942_k121_54628378	3627
OWC_0945	OWC_0945_k121_722502	2859
OWC_0946	OWC_0946_k121_711144	5958
OWC_0947	OWC_0947_k121_14040393	10563
OWC_0948	OWC_0948_k121_3802842	9552
OWC_0949	OWC_0949_k121_10817494	12406
OWC_0950	OWC_0950_k121_8285034	3006
OWC_0950	OWC_0950_k121_21042604	4736
OWC_0951	OWC_0951_k121_4953434	14761
OWC_0951	OWC_0951_k121_20255827	3314
OWC_0954	OWC_0954_k121_4852820	4660
OWC_0954	OWC_0954_k121_6461592	7818
OWC_0958	OWC_0958_k121_6306588	9629
OWC_0959	OWC_0959_k121_3259636	2860
OWC_0959	OWC_0959_k121_15358738	17841
OWC_0963	OWC_0963_k121_41220009	2729
OWC_0963	OWC_0963_k121_53606122	3454
OWC_0968	OWC_0968_k121_40747821	4894
OWC_0968	OWC_0968_k121_9131266	5626
OWC_0970	OWC_0970_k121_2515774	2994
OWC_0973	OWC_0973_k121_5258071	2598
OWC_0973	OWC_0973_k121_2277591	5953
OWC_0973	OWC_0973_k121_3882880	3153
OWC_0974	OWC_0974_k121_5074312	3684
OWC_0974	OWC_0974_k121_13176813	2519
OWC_0980	OWC_0980_k121_7952431	6927
OWC_0981	OWC_0981_k121_345914	3581
OWC_0981	OWC_0981_k121_1115292	5890
OWC_0981	OWC_0981_k121_11283910	4285
OWC_0981	OWC_0981_k121_18001378	18862
OWC_0981	OWC_0981_k121_18329514	9836
OWC_0982	OWC_0982_k121_13222159	12399
OWC_0985	OWC_0985_k121_1241114	3613
OWC_0985	OWC_0985_k121_3542387	7573
OWC_0985	OWC_0985_k121_16748580	11066
OWC_0994	OWC_0994_k121_11551196	11717
OWC_0999	OWC_0999_k121_14335201	8219
OWC_1002	OWC_1002_k121_4356951	6446
OWC_1004	OWC_1004_k121_3709295	5447
OWC_1004	OWC_1004_k121_18482403	3497
OWC_1004	OWC_1004_k121_22935461	3116
OWC_1005	OWC_1005_k121_40374648	5306
OWC_1007	OWC_1007_k121_53051640	6292
OWC_1007	OWC_1007_k121_33591588	13113
OWC_1014	OWC_1014_k121_158401	23954
OWC_1014	OWC_1014_k121_5670100	15664
OWC_1014	OWC_1014_k121_6751937	90839
OWC_1014	OWC_1014_k121_7924944	7875
OWC_1014	OWC_1014_k121_8710595	30628
OWC_1014	OWC_1014_k121_11512679	16000
OWC_1014	OWC_1014_k121_23292473	59422
OWC_1014	OWC_1014_k121_23545819	2610
OWC_1014	OWC_1014_k121_25653940	33290
OWC_1015	OWC_1015_scaffold04527	12801
OWC_1015	OWC_1015_scaffold05916	11408
OWC_1015	OWC_1015_scaffold34457	5101
OWC_1015	OWC_1015_scaffold37454	4909
OWC_1016	OWC_1016_k121_1724220	4490
OWC_1016	OWC_1016_k121_8236159	5950
OWC_1016	OWC_1016_k121_9724270	54946
OWC_1016	OWC_1016_k121_12415384	5814
OWC_1016	OWC_1016_k121_12530310	5004
OWC_1024	OWC_1024_k121_3102845	86936
OWC_1026	OWC_1026_k121_11643196	3147
OWC_1029	OWC_1029_scaffold00180	38675
OWC_1029	OWC_1029_scaffold00414	28509
OWC_1029	OWC_1029_scaffold00581	25023
OWC_1029	OWC_1029_scaffold00648	23840
OWC_1029	OWC_1029_scaffold05660	9558
OWC_1036	OWC_1036_scaffold24255	6020
OWC_1036	OWC_1036_scaffold55421	4079
OWC_1037	OWC_1037_k121_5021653	27691
OWC_1037	OWC_1037_k121_8224993	46490
OWC_1037	OWC_1037_k121_13127480	62934
OWC_1037	OWC_1037_k121_16709298	34646
OWC_1037	OWC_1037_k121_21717595	68307
OWC_1037	OWC_1037_k121_26934655	36428
OWC_1039	OWC_1039_k121_335370	3048
OWC_1040	OWC_1040_k121_3334330	3128
OWC_1040	OWC_1040_k121_3765653	23936
OWC_1040	OWC_1040_k121_5084745	17399
OWC_1040	OWC_1040_k121_5209838	59256
OWC_1040	OWC_1040_k121_8054319	60290
OWC_1040	OWC_1040_k121_10861743	15447
OWC_1040	OWC_1040_k121_11542659	52326
OWC_1040	OWC_1040_k121_13659313	35798
OWC_1040	OWC_1040_k121_21842705	20216
OWC_1040	OWC_1040_k121_22122487	21212
OWC_1040	OWC_1040_k121_23678896	35314
OWC_1041	OWC_1041_k121_11774951	3032
OWC_1041	OWC_1041_k121_24900564	3884
OWC_1042	OWC_1042_k121_5462328	11357
OWC_1042	OWC_1042_k121_19699449	6663
OWC_1043	OWC_1043_k121_25336183	18159
OWC_1044	OWC_1044_scaffold22098	6287
OWC_1044	OWC_1044_scaffold56838	4030
OWC_1045	OWC_1045_scaffold01626	20643
OWC_1045	OWC_1045_scaffold54783	4101
OWC_1045	OWC_1045_scaffold134350	2665
OWC_1046	OWC_1046_k121_393669	11240
OWC_1046	OWC_1046_k121_6437724	6039
OWC_1046	OWC_1046_k121_13002709	69810
OWC_1046	OWC_1046_k121_16699735	49435
OWC_1046	OWC_1046_k121_18710777	5466
OWC_1046	OWC_1046_k121_18755134	13724
OWC_1046	OWC_1046_k121_23597804	33037
OWC_1046	OWC_1046_k121_24965399	43148
OWC_1047	OWC_1047_k121_1401619	5105
OWC_1047	OWC_1047_k121_15147643	14719
OWC_1047	OWC_1047_k121_24026879	9282
OWC_1051	OWC_1051_scaffold_21201	6181
OWC_1053	OWC_1053_k121_3891183	4486
OWC_1055	OWC_1055_scaffold_27884	2573
OWC_1060	OWC_1060_scaffold_24921	2913
OWC_1062	OWC_1062_k121_679723	3439
OWC_1062	OWC_1062_k121_11940887	5077
OWC_1062	OWC_1062_k121_15775058	3155
OWC_1062	OWC_1062_k121_27511958	5282
OWC_1066	OWC_1066_k121_2973757	21973
OWC_1066	OWC_1066_k121_4877367	15330
OWC_1066	OWC_1066_k121_7644201	37484
OWC_1067	OWC_1067_k121_2370599	7355
OWC_1067	OWC_1067_k121_3238871	6098
OWC_1067	OWC_1067_k121_4251078	8446
OWC_1067	OWC_1067_k121_12630117	4639
OWC_1068	OWC_1068_k121_17292957	2936
OWC_1068	OWC_1068_k121_26292614	5544
OWC_1069	OWC_1069_k121_17560751	2684
OWC_1071	OWC_1071_k121_1175810	9477
OWC_1072	OWC_1072_k121_11494270	18932
OWC_1072	OWC_1072_k121_12352169	19827
OWC_1073	OWC_1073_scaffold53182	3660
OWC_1083	OWC_1083_k121_7002264	6362
OWC_1084	OWC_1084_k121_21011905	9986
OWC_1086	OWC_1086_k121_8378069	8579
OWC_1086	OWC_1086_k121_23603303	15338
OWC_1092	OWC_1092_k121_8415903	7621
OWC_1098	OWC_1098_k121_14999818	6551
OWC_1100	OWC_1100_k121_52964203	4354
OWC_1101	OWC_1101_k121_2009267	4624
OWC_1101	OWC_1101_k121_13962992	10075
OWC_1101	OWC_1101_k121_26936564	2952
OWC_1102	OWC_1102_k121_3810	4060
OWC_1102	OWC_1102_k121_166071	18560
OWC_1102	OWC_1102_k121_1355975	18045
OWC_1102	OWC_1102_k121_4147788	3069
OWC_1102	OWC_1102_k121_6403315	7060
OWC_1102	OWC_1102_k121_12400724	5469
OWC_1102	OWC_1102_k121_13726192	3447
OWC_1102	OWC_1102_k121_16576089	2661
OWC_1102	OWC_1102_k121_21998012	3948
OWC_1102	OWC_1102_k121_28791030	4522
OWC_1104	OWC_1104_k121_2030996	5031
OWC_1110	OWC_1110_k121_5983369	6501
OWC_1111	OWC_1111_k121_1335069	4659
OWC_1111	OWC_1111_k121_2971028	54850
OWC_1111	OWC_1111_k121_283929	6280
OWC_1119	OWC_1119_k121_25154436	10969
OWC_1120	OWC_1120_k121_4260152	6542
OWC_1120	OWC_1120_k121_9055159	8913
OWC_1120	OWC_1120_k121_425160	5581
OWC_1121	OWC_1121_k121_1187551	3689
OWC_1121	OWC_1121_k121_13563624	4430
OWC_1121	OWC_1121_k121_28947666	19881
OWC_1123	OWC_1123_scaffold_9220	5497
OWC_1124	OWC_1124_scaffold_2665	7901
OWC_1125	OWC_1125_k121_3167766	3028
OWC_1125	OWC_1125_k121_4330998	2967
OWC_1126	OWC_1126_k121_11107134	15109
OWC_1130	OWC_1130_k121_32649235	2595
OWC_1131	OWC_1131_k121_4349194	13144
OWC_1131	OWC_1131_k121_1523590	9072
OWC_1131	OWC_1131_k121_311930	4343
OWC_1133	OWC_1133_k121_2006090	4623
OWC_1133	OWC_1133_k121_6117234	5149
OWC_1136	OWC_1136_scaffold27840	4440
OWC_1136	OWC_1136_scaffold60845	3254
OWC_1143	OWC_1143_k121_34984221	16559
OWC_1146	OWC_1146_k121_2929971	3154
OWC_1151	OWC_1151_k121_4984246	8024
OWC_1153	OWC_1153_k121_465356	2566
OWC_1154	OWC_1154_k121_11143828	3895
OWC_1155	OWC_1155_k121_3510508	2752
OWC_1157	OWC_1157_k121_3936023	4666
OWC_1165	OWC_1165_k121_2102101	2637
OWC_1166	OWC_1166_scaffold_2962	6345
OWC_1168	OWC_1168_scaffold_8429	4117
OWC_1170	OWC_1170_k121_5096963	5410
OWC_1170	OWC_1170_k121_4007864	3335
OWC_1173	OWC_1173_scaffold_15497	3346
OWC_1174	OWC_1174_k121_9781596	4925
OWC_1174	OWC_1174_k121_8031940	3904
OWC_1177	OWC_1177_k121_3986121	6300
OWC_1181	OWC_1181_scaffold_10845	3970
OWC_1182	OWC_1182_k121_2950446	5247
OWC_1182	OWC_1182_k121_3035127	2816
OWC_1182	OWC_1182_k121_2711276	4464
OWC_1183	OWC_1183_scaffold17740	5281
OWC_1186	OWC_1186_k121_6055299	3860
OWC_1190	OWC_1190_scaffold_13933	3850
OWC_1197	OWC_1197_k121_6781209	2560
OWC_1197	OWC_1197_k121_8526731	2639
OWC_1197	OWC_1197_k121_2486863	2669
OWC_1199	OWC_1199_k121_28240573	5759
OWC_1199	OWC_1199_k121_16312795	5051
OWC_1200	OWC_1200_k121_3720854	4800
OWC_1200	OWC_1200_k121_8397911	3345
OWC_1205	OWC_1205_k121_21208981	3799
OWC_1205	OWC_1205_k121_3832541	3432
OWC_1205	OWC_1205_k121_20805507	7274
OWC_1205	OWC_1205_k121_38352050	4195
OWC_1205	OWC_1205_k121_35468875	2570
OWC_1212	OWC_1212_k121_7433839	3683
OWC_1215	OWC_1215_k121_4219116	8210
OWC_1217	OWC_1217_scaffold_19610	3519
OWC_1218	OWC_1218_k121_15516165	16915
OWC_1218	OWC_1218_k121_349996	20510
OWC_1220	OWC_1220_scaffold_14344	4405
OWC_1223	OWC_1223_k121_21304279	4119
OWC_1230	OWC_1230_scaffold_15713	3144
OWC_1237	OWC_1237_k121_3557268	10018
OWC_1237	OWC_1237_k121_4289151	10960
OWC_1237	OWC_1237_k121_9163094	2659
OWC_1237	OWC_1237_k121_13315155	26776
OWC_1238	OWC_1238_scaffold00176	57380
OWC_1238	OWC_1238_scaffold00388	40452
OWC_1238	OWC_1238_scaffold00521	35563
OWC_1238	OWC_1238_scaffold00588	33677
OWC_1238	OWC_1238_scaffold00660	31757
OWC_1238	OWC_1238_scaffold00709	30897
OWC_1238	OWC_1238_scaffold01597	20786
OWC_1238	OWC_1238_scaffold02040	18537
OWC_1238	OWC_1238_scaffold02277	17587
OWC_1238	OWC_1238_scaffold02299	17491
OWC_1238	OWC_1238_scaffold13219	7959
OWC_1238	OWC_1238_scaffold14527	7612
OWC_1238	OWC_1238_scaffold19556	6650
OWC_1238	OWC_1238_scaffold34019	5131
OWC_1240	OWC_1240_k121_10602980	10536
OWC_1241	OWC_1241_k121_277966	3033
OWC_1241	OWC_1241_k121_6188822	3039
OWC_1241	OWC_1241_k121_7139599	17757
OWC_1241	OWC_1241_k121_9442710	4102
OWC_1242	OWC_1242_k121_29804000	3251
OWC_1243	OWC_1243_k121_69619805	5582
OWC_1245	OWC_1245_scaffold_2144	13059
OWC_1245	OWC_1245_scaffold_16968	5452
OWC_1250	OWC_1250_k121_11340250	3356
OWC_1255	OWC_1255_scaffold_6250	9294
OWC_1255	OWC_1255_scaffold_38459	6198
OWC_1256	OWC_1256_scaffold_9616	6849
OWC_1256	OWC_1256_scaffold_6591	8571
OWC_1256	OWC_1256_scaffold_328687	2160
OWC_1256	OWC_1256_scaffold_2856	11500
OWC_1256	OWC_1256_scaffold_4510	9547
OWC_1256	OWC_1256_scaffold_24348	6434
OWC_1259	OWC_1259_k121_4165408	2771
OWC_1259	OWC_1259_k121_3850505	3875
OWC_1260	OWC_1260_scaffold_2505	11623
OWC_1260	OWC_1260_scaffold_10948	3545
OWC_1260	OWC_1260_scaffold_38543	2884
OWC_1262	OWC_1262_scaffold_4708	2753
OWC_1265	OWC_1265_k121_10760732	4283
OWC_1265	OWC_1265_k121_4277707	6026
OWC_1265	OWC_1265_k121_2552162	3500
OWC_1265	OWC_1265_k121_3099131	3294
OWC_1265	OWC_1265_k121_6101306	2765
OWC_1265	OWC_1265_k121_7908988	5229
OWC_1265	OWC_1265_k121_8426021	6698
OWC_1265	OWC_1265_k121_1486856	2543
OWC_1265	OWC_1265_k121_5232412	6618
OWC_1265	OWC_1265_k121_3746760	2755
OWC_1267	OWC_1267_k121_2628239	5683
OWC_1269	OWC_1269_k121_10700426	7935
OWC_1273	OWC_1273_k121_7550092	5500
OWC_1283	OWC_1283_k121_8025066	5266
OWC_1284	OWC_1284_k121_2261776	7881
OWC_1286	OWC_1286_k121_10562837	3895
OWC_1294	OWC_1294_k121_1279315	17259
OWC_1295	OWC_1295_scaffold17139	7054
OWC_1297	OWC_1297_k121_3569738	9674
OWC_1297	OWC_1297_k121_8816523	6255
OWC_1297	OWC_1297_k121_20161772	8643
OWC_1298	OWC_1298_k121_22993780	6007
OWC_1299	OWC_1299_k121_21734896	3088
OWC_1306	OWC_1306_scaffold_13067	6391
OWC_1307	OWC_1307_scaffold_11641	3723
OWC_1311	OWC_1311_scaffold_2930	6779
OWC_1312	OWC_1312_scaffold_21389	3023
OWC_1319	OWC_1319_scaffold00168	58547
OWC_1319	OWC_1319_scaffold00257	47993
OWC_1319	OWC_1319_scaffold00375	40929
OWC_1319	OWC_1319_scaffold00448	38022
OWC_1319	OWC_1319_scaffold00523	35459
OWC_1319	OWC_1319_scaffold01227	23675
OWC_1319	OWC_1319_scaffold01444	21813
OWC_1322	OWC_1322_k121_2075967	5152
OWC_1322	OWC_1322_k121_7731817	12443
OWC_1322	OWC_1322_k121_9052321	14638
OWC_1322	OWC_1322_k121_9186313	4472
OWC_1322	OWC_1322_k121_11529871	19770
OWC_1322	OWC_1322_k121_15541884	5868
OWC_1324	OWC_1324_k121_8189301	2904
OWC_1325	OWC_1325_k121_75020585	3441
OWC_1325	OWC_1325_k121_39778613	6565
OWC_1327	OWC_1327_k121_7011894	2962
OWC_1327	OWC_1327_k121_8381215	2852
OWC_1347	OWC_1347_k121_21973276	3368
OWC_1347	OWC_1347_k121_23611032	4509
OWC_1349	OWC_1349_k121_10470172	80456
OWC_1349	OWC_1349_k121_16525187	31676
OWC_1349	OWC_1349_k121_19913492	19415
OWC_1349	OWC_1349_k121_22844386	6697
OWC_1351	OWC_1351_k121_3459853	3741
OWC_1354	OWC_1354_k121_2668728	3012
OWC_1356	OWC_1356_scaffold36466	3993
OWC_1357	OWC_1357_k121_2846525	4402
OWC_1360	OWC_1360_k121_989208	8232
OWC_1360	OWC_1360_k121_8830412	6382
OWC_1360	OWC_1360_k121_17777681	8925
OWC_1364	OWC_1364_k121_4628398	2849
OWC_1365	OWC_1365_k121_38255067	3392
OWC_1365	OWC_1365_k121_242839	5168
OWC_1365	OWC_1365_k121_2200427	2883
OWC_1365	OWC_1365_k121_9165501	3130
OWC_1367	OWC_1367_k121_48607452	3273
OWC_1376	OWC_1376_k121_7923766	9460
OWC_1383	OWC_1383_k121_7002758	2565
OWC_1388	OWC_1388_k121_5240511	2696
OWC_1388	OWC_1388_k121_5566920	4076
OWC_1388	OWC_1388_k121_9437598	3354
OWC_1388	OWC_1388_k121_10478905	9179
OWC_1393	OWC_1393_k121_6856648	5832
OWC_1394	OWC_1394_k121_4115918	53527
OWC_1394	OWC_1394_k121_4132855	208049
OWC_1394	OWC_1394_k121_6145580	18277
OWC_1394	OWC_1394_k121_10835487	118707
OWC_1394	OWC_1394_k121_13022251	148301
OWC_1394	OWC_1394_k121_17192232	79476
OWC_1394	OWC_1394_k121_18184663	39104
OWC_1394	OWC_1394_k121_18252848	134655
OWC_1394	OWC_1394_k121_20043157	15906
OWC_1394	OWC_1394_k121_21651471	69446
OWC_1394	OWC_1394_k121_25370725	29958
OWC_1394	OWC_1394_k121_25766776	66961
OWC_1395	OWC_1395_k121_1646956	17153
OWC_1395	OWC_1395_k121_1734721	20537
OWC_1395	OWC_1395_k121_15893804	9628
OWC_1405	OWC_1405_k121_5672769	18006
OWC_1405	OWC_1405_k121_10769964	78315
OWC_1405	OWC_1405_k121_11009697	87715
OWC_1405	OWC_1405_k121_14998696	97292
OWC_1405	OWC_1405_k121_15769757	13777
OWC_1405	OWC_1405_k121_17131301	16721
OWC_1405	OWC_1405_k121_17531877	51523
OWC_1405	OWC_1405_k121_20520052	36959
OWC_1406	OWC_1406_k121_8268068	2993
OWC_1406	OWC_1406_k121_4674878	3108
OWC_1412	OWC_1412_k121_5725871	3220
OWC_1413	OWC_1413_k121_15282786	4249
OWC_1420	OWC_1420_k121_37853935	26355
OWC_1420	OWC_1420_k121_71219566	17141
OWC_1420	OWC_1420_k121_49190804	6815
OWC_1421	OWC_1421_k121_8039833	3032
OWC_1421	OWC_1421_k121_8718798	7924
OWC_1423	OWC_1423_k121_4184043	44796
OWC_1423	OWC_1423_k121_11325246	11179
OWC_1423	OWC_1423_k121_14496818	57330
OWC_1431	OWC_1431_k121_524145	18486
OWC_1431	OWC_1431_k121_8862736	7241
OWC_1432	OWC_1432_k121_27254262	5643
OWC_1439	OWC_1439_k121_3526688	3641
OWC_1439	OWC_1439_k121_2284927	22529
OWC_1440	OWC_1440_k121_6072284	20738
OWC_1441	OWC_1441_k121_24098606	58196
OWC_1442	OWC_1442_k121_398746	13474
OWC_1442	OWC_1442_k121_6703694	8242
OWC_1442	OWC_1442_k121_8558680	2713
OWC_1442	OWC_1442_k121_12961948	4456
OWC_1443	OWC_1443_k121_8149846	3285
OWC_1444	OWC_1444_k121_9724639	5937
OWC_1444	OWC_1444_k121_9927075	3108
OWC_1446	OWC_1446_k121_11723454	5769
OWC_1449	OWC_1449_k121_8552924	14837
OWC_1452	OWC_1452_k121_26844171	5043
OWC_1456	OWC_1456_k121_17827850	6240
OWC_1456	OWC_1456_k121_20707967	5346
OWC_1457	OWC_1457_k121_12956689	9581
OWC_1458	OWC_1458_k121_21817573	15049
OWC_1458	OWC_1458_k121_23221029	19015
OWC_1459	OWC_1459_k121_31972962	37608
OWC_1460	OWC_1460_k121_14588281	20766
OWC_1461	OWC_1461_scaffold23713	6079
OWC_1461	OWC_1461_scaffold61845	3872
OWC_1461	OWC_1461_scaffold72644	3585
OWC_1462	OWC_1462_k121_854179	6269
OWC_1462	OWC_1462_k121_1342582	20281
OWC_1462	OWC_1462_k121_6557314	10967
OWC_1462	OWC_1462_k121_6774081	39460
OWC_1462	OWC_1462_k121_7513094	32672
OWC_1462	OWC_1462_k121_10364521	76590
OWC_1462	OWC_1462_k121_10944168	25472
OWC_1462	OWC_1462_k121_11405157	4183
OWC_1462	OWC_1462_k121_11422197	29938
OWC_1462	OWC_1462_k121_13657755	26245
OWC_1462	OWC_1462_k121_13955607	18582
OWC_1462	OWC_1462_k121_15311536	10675
OWC_1462	OWC_1462_k121_17570339	16032
OWC_1462	OWC_1462_k121_19416687	3254
OWC_1462	OWC_1462_k121_24742530	6206
OWC_1462	OWC_1462_k121_27086570	4604
OWC_1463	OWC_1463_k121_41160351	4332
OWC_1463	OWC_1463_k121_74076206	4962
OWC_1463	OWC_1463_k121_33437876	2807
OWC_1465	OWC_1465_k121_86341	4209
OWC_1466	OWC_1466_k121_25561679	13462
OWC_1467	OWC_1467_k121_77822489	7154
OWC_1467	OWC_1467_k121_72895084	3723
OWC_1468	OWC_1468_k121_65975161	11457
OWC_1474	OWC_1474_k121_611723	9410
OWC_1474	OWC_1474_k121_1035095	70960
OWC_1474	OWC_1474_k121_2159928	70406
OWC_1474	OWC_1474_k121_7961756	18900
OWC_1474	OWC_1474_k121_9812125	24895
OWC_1474	OWC_1474_k121_13971894	10639
OWC_1475	OWC_1475_k121_430040	5155
OWC_1475	OWC_1475_k121_10134800	7008
OWC_1475	OWC_1475_k121_11077024	11868
OWC_1475	OWC_1475_k121_11301633	11156
OWC_1475	OWC_1475_k121_12524459	4581
OWC_1475	OWC_1475_k121_12783167	14648
OWC_1475	OWC_1475_k121_20976795	4779
OWC_1475	OWC_1475_k121_25956309	8651
OWC_1476	OWC_1476_k121_30423876	2969
OWC_1477	OWC_1477_k121_54157497	2585
OWC_1478	OWC_1478_scaffold_14850	5455
OWC_1479	OWC_1479_k121_5369304	23524
OWC_1480	OWC_1480_k121_34025574	5618
OWC_1483	OWC_1483_k121_4448573	4993
OWC_1483	OWC_1483_k121_9244068	3460
OWC_1483	OWC_1483_k121_12127961	4389
OWC_1483	OWC_1483_k121_20644744	5316
OWC_1483	OWC_1483_k121_23083692	5947
OWC_1500	OWC_1500_k121_1779026	4460
OWC_1507	OWC_1507_scaffold_2022	11096
OWC_1521	OWC_1521_k121_5325632	5221
OWC_1522	OWC_1522_k121_1997082	2833
OWC_1530	OWC_1530_k121_10686851	5559
OWC_1531	OWC_1531_k121_10841054	5320
OWC_1532	OWC_1532_k121_13751851	17315
OWC_1533	OWC_1533_k121_33967971	7102
OWC_1539	OWC_1539_k121_6056959	2873
OWC_1542	OWC_1542_k121_63043358	9961
OWC_1544	OWC_1544_k121_3068346	2954
OWC_1548	OWC_1548_k121_46741639	3421
OWC_1551	OWC_1551_k121_19306282	3502
OWC_1553	OWC_1553_k121_413130	99796
OWC_1553	OWC_1553_k121_4283978	235642
OWC_1553	OWC_1553_k121_7541775	83034
OWC_1553	OWC_1553_k121_15201517	47811
OWC_1553	OWC_1553_k121_16631138	10996
OWC_1553	OWC_1553_k121_26171846	113775
OWC_1554	OWC_1554_k121_257249	17615
OWC_1557	OWC_1557_k121_17795328	7721
OWC_1560	OWC_1560_k121_1784165	3352
OWC_1560	OWC_1560_k121_9375190	2936
OWC_1563	OWC_1563_k121_32687222	3377
OWC_1563	OWC_1563_k121_35341108	3356
OWC_1563	OWC_1563_k121_7386099	4027
OWC_1564	OWC_1564_scaffold_6077	5387
OWC_1570	OWC_1570_scaffold_9051	4311
OWC_1572	OWC_1572_k121_4762866	9292
OWC_1576	OWC_1576_scaffold_1323	12605
OWC_1581	OWC_1581_scaffold_28096	3085
OWC_1582	OWC_1582_scaffold_14261	3101
OWC_1584	OWC_1584_scaffold56207	4051
OWC_1585	OWC_1585_k121_1006734	48020
OWC_1585	OWC_1585_k121_3294059	35417
OWC_1585	OWC_1585_k121_5789576	25513
OWC_1585	OWC_1585_k121_9054673	22906
OWC_1585	OWC_1585_k121_13996572	85394
OWC_1585	OWC_1585_k121_14825303	46487
OWC_1585	OWC_1585_k121_17791282	45571
OWC_1585	OWC_1585_k121_19163128	81083
OWC_1585	OWC_1585_k121_19343628	29928
OWC_1585	OWC_1585_k121_21207789	101110
OWC_1585	OWC_1585_k121_22550639	27686
OWC_1585	OWC_1585_k121_24258248	88042
OWC_1585	OWC_1585_k121_27144357	155201
OWC_1585	OWC_1585_k121_27345546	27179
OWC_1585	OWC_1585_k121_27855176	41988
OWC_1589	OWC_1589_k121_63472966	26943
OWC_1590	OWC_1590_k121_10465846	5435
OWC_1592	OWC_1592_k121_46773148	6137
OWC_1609	OWC_1609_k121_728577	2773
OWC_1614	OWC_1614_k121_18079168	7965
OWC_1614	OWC_1614_k121_24460219	6699
OWC_1619	OWC_1619_k121_5727389	3616
OWC_1620	OWC_1620_scaffold08591	8061
OWC_1620	OWC_1620_scaffold52220	3689
OWC_1622	OWC_1622_k121_4619962	10438
OWC_1629	OWC_1629_k121_5023959	4817
OWC_1630	OWC_1630_k121_1406563	5852
OWC_1631	OWC_1631_k121_4574686	3950
OWC_1631	OWC_1631_k121_4967603	11700
OWC_1631	OWC_1631_k121_3583886	4689
OWC_1632	OWC_1632_k121_17497366	3271
OWC_1633	OWC_1633_k121_1178561	10575
OWC_1634	OWC_1634_k121_9723237	4943
OWC_1635	OWC_1635_k121_13536566	4943
OWC_1636	OWC_1636_k121_8480980	2670
OWC_1637	OWC_1637_k121_353808	15821
OWC_1637	OWC_1637_k121_2027652	14889
OWC_1637	OWC_1637_k121_5150835	3272
OWC_1637	OWC_1637_k121_5721399	13986
OWC_1637	OWC_1637_k121_6845015	11451
OWC_1637	OWC_1637_k121_8157909	5306
OWC_1637	OWC_1637_k121_11518897	27792
OWC_1637	OWC_1637_k121_11997627	9960
OWC_1637	OWC_1637_k121_12331150	8841
OWC_1637	OWC_1637_k121_13692694	4392
OWC_1637	OWC_1637_k121_14282802	2756
OWC_1637	OWC_1637_k121_14666954	4586
OWC_1637	OWC_1637_k121_15272987	5434
OWC_1637	OWC_1637_k121_22223412	7797
OWC_1637	OWC_1637_k121_22285016	5668
OWC_1637	OWC_1637_k121_22310415	3987
OWC_1637	OWC_1637_k121_23805893	2933
OWC_1637	OWC_1637_k121_26093856	6179
OWC_1637	OWC_1637_k121_26533713	8255
OWC_1637	OWC_1637_k121_26792217	3487
OWC_1637	OWC_1637_k121_30082480	12594
OWC_1640	OWC_1640_k121_3020262	3154
OWC_1643	OWC_1643_k121_62272477	8288
OWC_1644	OWC_1644_k121_11045978	12324
OWC_1645	OWC_1645_k121_24876259	5752
OWC_1645	OWC_1645_k121_7532712	29328
OWC_1646	OWC_1646_k121_51877255	5655
OWC_1647	OWC_1647_scaffold_982	16294
OWC_1649	OWC_1649_k121_5487121	3622
OWC_1652	OWC_1652_k121_7761526	10211
OWC_1652	OWC_1652_k121_24339200	47297
OWC_1653	OWC_1653_k121_2024945	3431
OWC_1654	OWC_1654_k121_1643784	5948
OWC_1654	OWC_1654_k121_8823553	22837
OWC_1654	OWC_1654_k121_9373443	14825
OWC_1655	OWC_1655_k121_1430445	5154
OWC_1656	OWC_1656_k121_7242868	5453
OWC_1657	OWC_1657_scaffold33012	4521
OWC_1659	OWC_1659_k121_33084089	4563
OWC_1662	OWC_1662_k121_2368276	2539
OWC_1663	OWC_1663_k121_28313905	7974
OWC_1666	OWC_1666_k121_13035571	2770
OWC_1670	OWC_1670_k121_202607	9028
OWC_1670	OWC_1670_k121_510663	3857
OWC_1670	OWC_1670_k121_2498425	7278
OWC_1670	OWC_1670_k121_3520541	8455
OWC_1670	OWC_1670_k121_5055863	10404
OWC_1670	OWC_1670_k121_5971844	4901
OWC_1670	OWC_1670_k121_7342506	6478
OWC_1670	OWC_1670_k121_9564254	2986
OWC_1670	OWC_1670_k121_12588255	7430
OWC_1670	OWC_1670_k121_17344435	3042
OWC_1670	OWC_1670_k121_18106864	3793
OWC_1670	OWC_1670_k121_20951755	8942
OWC_1670	OWC_1670_k121_26066263	3342
OWC_1670	OWC_1670_k121_29977874	7519
OWC_1671	OWC_1671_k121_2941266	35001
OWC_1671	OWC_1671_k121_3032840	10663
OWC_1671	OWC_1671_k121_3325586	4802
OWC_1671	OWC_1671_k121_5041022	8396
OWC_1674	OWC_1674_k121_747401	6097
OWC_1674	OWC_1674_k121_20085860	14035
OWC_1676	OWC_1676_k121_8508011	6173
OWC_1676	OWC_1676_k121_5274000	2865
OWC_1676	OWC_1676_k121_824274	6769
OWC_1676	OWC_1676_k121_9105744	12276
OWC_1677	OWC_1677_k121_9345927	13848
OWC_1678	OWC_1678_k121_8120061	2677
OWC_1678	OWC_1678_k121_10384106	6851
OWC_1679	OWC_1679_k121_52658093	245041
OWC_1679	OWC_1679_k121_560208	59519
OWC_1681	OWC_1681_k121_18912887	4829
OWC_1682	OWC_1682_k121_33396193	2808
OWC_1683	OWC_1683_k121_27016411	16327
OWC_1683	OWC_1683_k121_62064596	64501
OWC_1689	OWC_1689_k121_21696656	5908
OWC_1689	OWC_1689_k121_42517520	36092
OWC_1700	OWC_1700_k121_29732176	8706
OWC_1702	OWC_1702_k121_5297079	30852
OWC_1702	OWC_1702_k121_5856620	4234
OWC_1702	OWC_1702_k121_17649023	15449
OWC_1703	OWC_1703_k121_5378771	8287
OWC_1703	OWC_1703_k121_6386626	46626
OWC_1709	OWC_1709_k121_6887305	2597
OWC_1711	OWC_1711_k121_7010620	40549
OWC_1711	OWC_1711_k121_2896509	8532
OWC_1712	OWC_1712_k121_14930633	2895
OWC_1713	OWC_1713_k121_9627577	2695
OWC_1714	OWC_1714_k121_5759302	4462
OWC_1716	OWC_1716_k121_9242973	3287
OWC_1716	OWC_1716_k121_18100057	6270
OWC_1716	OWC_1716_k121_18608437	2536
OWC_1721	OWC_1721_scaffold_18307	5961
OWC_1728	OWC_1728_k121_20366879	15816
OWC_1732	OWC_1732_k121_6911971	3513
OWC_1746	OWC_1746_k121_7898134	10390
OWC_1746	OWC_1746_k121_2008280	10261
OWC_1748	OWC_1748_k121_20590267	9714
OWC_1750	OWC_1750_scaffold_43387	3009
OWC_1753	OWC_1753_k121_10064170	5900
OWC_1753	OWC_1753_k121_7669353	3453
OWC_1756	OWC_1756_k121_2724525	8369
OWC_1756	OWC_1756_k121_5816806	4473
OWC_1756	OWC_1756_k121_641488	2982
OWC_1761	OWC_1761_k121_10234676	6723
OWC_1772	OWC_1772_k121_13174863	3344
OWC_1780	OWC_1780_k121_236328	6949
OWC_1793	OWC_1793_k121_12837772	2605
OWC_1795	OWC_1795_k121_5587850	3809
OWC_1803	OWC_1803_k121_27764200	26451
OWC_1805	OWC_1805_k121_4853619	110722
OWC_1805	OWC_1805_k121_6128719	356242
OWC_1810	OWC_1810_k121_6877212	315542
OWC_1810	OWC_1810_k121_25690107	138945
OWC_1817	OWC_1817_k121_6461944	6580
OWC_1826	OWC_1826_k121_14462736	12407
OWC_1849	OWC_1849_k121_21739817	3714
OWC_1850	OWC_1850_scaffold30001	5441
OWC_1854	OWC_1854_k121_4428745	93200
OWC_1854	OWC_1854_k121_20841227	72950
OWC_1854	OWC_1854_k121_25654712	39644
OWC_1854	OWC_1854_k121_26847295	28956
OWC_1855	OWC_1855_scaffold_25	250296
OWC_1856	OWC_1856_k121_7921773	78031
OWC_1856	OWC_1856_k121_19365482	121417
OWC_1858	OWC_1858_k121_19156444	2944
OWC_1859	OWC_1859_k121_4817389	8243
OWC_1860	OWC_1860_k121_4606567	5019
OWC_1860	OWC_1860_k121_21150090	6588
OWC_1861	OWC_1861_k121_65228	10931
OWC_1861	OWC_1861_k121_3813215	19753
OWC_1861	OWC_1861_k121_5045208	7455
OWC_1861	OWC_1861_k121_11643196	3147
OWC_1861	OWC_1861_k121_21226370	11380
OWC_1861	OWC_1861_k121_26014850	21533
OWC_1863	OWC_1863_k121_1537129	13188
OWC_1866	OWC_1866_k121_3279014	44639
OWC_1866	OWC_1866_k121_39587268	5951
OWC_1867	OWC_1867_k121_27777188	7972
OWC_1868	OWC_1868_k121_12342102	8615
OWC_1869	OWC_1869_k121_42542135	6842
OWC_1870	OWC_1870_k121_27207193	2671
OWC_1877	OWC_1877_k121_10613347	10874
OWC_1877	OWC_1877_k121_20951819	13005
OWC_1879	OWC_1879_k121_14487938	7843
OWC_1880	OWC_1880_k121_14010857	8263
OWC_1880	OWC_1880_k121_16485039	6600
OWC_1880	OWC_1880_k121_19289199	6141
OWC_1881	OWC_1881_scaffold_12503	6976
OWC_1881	OWC_1881_scaffold_54079	3262
OWC_1881	OWC_1881_scaffold_625	33080
OWC_1881	OWC_1881_scaffold_2813	15064
OWC_1881	OWC_1881_scaffold_2147	17358
OWC_1881	OWC_1881_scaffold_2915	14840
OWC_1881	OWC_1881_scaffold_2168	17249
OWC_1881	OWC_1881_scaffold_1012	39149
OWC_1882	OWC_1882_k121_8517551	6885
OWC_1885	OWC_1885_k121_6963072	9432
OWC_1886	OWC_1886_k121_9822832	2881
OWC_1886	OWC_1886_k121_17140832	3468
OWC_1886	OWC_1886_k121_25313198	2874
OWC_1887	OWC_1887_k121_7875800	5463
OWC_1887	OWC_1887_k121_27225445	4290
OWC_1888	OWC_1888_k121_345914	3581
OWC_1889	OWC_1889_k121_12190132	4090
OWC_1890	OWC_1890_k121_8004815	7104
OWC_1890	OWC_1890_k121_17655763	10409
OWC_1891	OWC_1891_scaffold08594	8061
OWC_1891	OWC_1891_scaffold24543	5156
OWC_1891	OWC_1891_scaffold38058	4253
OWC_1891	OWC_1891_scaffold39748	4169
OWC_1891	OWC_1891_scaffold48907	3800
OWC_1893	OWC_1893_k121_334832	4841
OWC_1895	OWC_1895_k121_14056615	4256
OWC_1895	OWC_1895_k121_18590149	3144
OWC_1897	OWC_1897_k121_6472023	9047
OWC_1897	OWC_1897_k121_23822776	7709
OWC_1898	OWC_1898_k121_13739939	6040
OWC_1898	OWC_1898_k121_34498598	10832
OWC_1898	OWC_1898_k121_47143685	3524
OWC_1900	OWC_1900_k121_2081503	258560
OWC_1900	OWC_1900_k121_2108293	90794
OWC_1900	OWC_1900_k121_7561580	82645
OWC_1900	OWC_1900_k121_10896212	243996
OWC_1900	OWC_1900_k121_21224337	135440
OWC_1900	OWC_1900_k121_27442304	359277
OWC_1900	OWC_1900_k121_27651446	232777
OWC_1901	OWC_1901_k121_363474	8265
OWC_1901	OWC_1901_k121_1497638	25864
OWC_1901	OWC_1901_k121_3699355	165370
OWC_1901	OWC_1901_k121_4860659	33013
OWC_1901	OWC_1901_k121_5323283	6391
OWC_1901	OWC_1901_k121_6443853	5036
OWC_1901	OWC_1901_k121_8104094	26209
OWC_1901	OWC_1901_k121_8501904	48502
OWC_1901	OWC_1901_k121_8612839	3381
OWC_1901	OWC_1901_k121_10470090	20598
OWC_1901	OWC_1901_k121_11020755	4175
OWC_1901	OWC_1901_k121_11032457	24142
OWC_1901	OWC_1901_k121_11034474	6231
OWC_1901	OWC_1901_k121_12679658	4869
OWC_1901	OWC_1901_k121_13121169	19975
OWC_1901	OWC_1901_k121_13191438	6263
OWC_1901	OWC_1901_k121_13311808	2691
OWC_1901	OWC_1901_k121_15586722	4538
OWC_1901	OWC_1901_k121_17057149	13423
OWC_1901	OWC_1901_k121_17176739	4799
OWC_1901	OWC_1901_k121_18350041	2980
OWC_1901	OWC_1901_k121_19459342	66772
OWC_1901	OWC_1901_k121_21752867	13313
OWC_1901	OWC_1901_k121_24233583	14409
OWC_1901	OWC_1901_k121_26021370	7953
OWC_1901	OWC_1901_k121_26236867	19401
OWC_1902	OWC_1902_k121_4218053	12013
OWC_1902	OWC_1902_k121_4290981	16868
OWC_1902	OWC_1902_k121_5039021	43021
OWC_1902	OWC_1902_k121_8191421	34342
OWC_1902	OWC_1902_k121_11493603	18276
OWC_1903	OWC_1903_k121_7390447	48866
OWC_1903	OWC_1903_k121_8808537	102906
OWC_1903	OWC_1903_k121_20239736	116705
OWC_1903	OWC_1903_k121_22272581	17409
OWC_1903	OWC_1903_k121_24399041	67107
OWC_1904	OWC_1904_k121_15860310	2639
OWC_1904	OWC_1904_k121_25240773	5064
OWC_1904	OWC_1904_k121_31904469	6647
OWC_1904	OWC_1904_k121_33283048	4942
OWC_1905	OWC_1905_scaffold00013	123000
OWC_1905	OWC_1905_scaffold00111	45467
OWC_1905	OWC_1905_scaffold00275	33378
OWC_1905	OWC_1905_scaffold00354	30396
OWC_1905	OWC_1905_scaffold00633	24132
OWC_1905	OWC_1905_scaffold00952	20244
OWC_1905	OWC_1905_scaffold01006	19759
OWC_1905	OWC_1905_scaffold01065	19321
OWC_1905	OWC_1905_scaffold01531	16640
OWC_1905	OWC_1905_scaffold02114	14610
OWC_1905	OWC_1905_scaffold03231	12097
OWC_1905	OWC_1905_scaffold03406	11845
OWC_1905	OWC_1905_scaffold03565	11606
OWC_1905	OWC_1905_scaffold04012	11062
OWC_1905	OWC_1905_scaffold04912	10155
OWC_1905	OWC_1905_scaffold09340	7785
OWC_1906	OWC_1906_k121_15918331	4662
OWC_1907	OWC_1907_k121_364336	13572
OWC_1907	OWC_1907_k121_414477	16021
OWC_1907	OWC_1907_k121_3482339	8421
OWC_1907	OWC_1907_k121_3882677	23724
OWC_1907	OWC_1907_k121_3913685	14581
OWC_1907	OWC_1907_k121_6245569	28330
OWC_1907	OWC_1907_k121_8297904	32518
OWC_1907	OWC_1907_k121_9219504	4876
OWC_1907	OWC_1907_k121_10629094	9310
OWC_1907	OWC_1907_k121_12750209	3746
OWC_1907	OWC_1907_k121_13244455	9024
OWC_1907	OWC_1907_k121_13360799	17545
OWC_1907	OWC_1907_k121_13612243	8718
OWC_1907	OWC_1907_k121_16670743	32758
OWC_1907	OWC_1907_k121_18980597	19497
OWC_1908	OWC_1908_k121_29198079	4412
OWC_1909	OWC_1909_k121_15954456	8846
OWC_1909	OWC_1909_k121_19074265	10836
OWC_1910	OWC_1910_k121_65857469	4436
OWC_1911	OWC_1911_k121_7885904	96150
OWC_1911	OWC_1911_k121_10293113	48841
OWC_1911	OWC_1911_k121_23211255	13595
OWC_1912	OWC_1912_k121_6259529	7403
OWC_1914	OWC_1914_k121_6920936	3007
OWC_1914	OWC_1914_k121_2836142	6545
OWC_1917	OWC_1917_k121_16436269	8509
OWC_1917	OWC_1917_k121_18577323	11510
OWC_1923	OWC_1923_k121_20128556	10404
OWC_1924	OWC_1924_k121_3912958	6448
OWC_1930	OWC_1930_k121_17954554	8215
OWC_1941	OWC_1941_k121_8965827	5656
OWC_1941	OWC_1941_k121_13175466	9319
OWC_1941	OWC_1941_k121_22736509	5102
OWC_1943	OWC_1943_scaffold_3889	8106
OWC_1946	OWC_1946_scaffold00205	37311
OWC_1946	OWC_1946_scaffold00222	36191
OWC_1947	OWC_1947_k121_2342457	7013
OWC_1947	OWC_1947_k121_11320045	5216
OWC_1947	OWC_1947_k121_18257863	8740
OWC_1947	OWC_1947_k121_20907768	7851
OWC_1950	OWC_1950_k121_7441417	54298
OWC_1950	OWC_1950_k121_25821805	45865
OWC_1953	OWC_1953_k121_7551394	5575
OWC_1955	OWC_1955_k121_1405743	3677
OWC_1955	OWC_1955_k121_7583014	6495
OWC_1959	OWC_1959_k121_1336121	11235
OWC_1961	OWC_1961_k121_10750471	16827
OWC_1962	OWC_1962_k121_2270878	5221
OWC_1967	OWC_1967_k121_224047	6267
OWC_1967	OWC_1967_k121_1556113	54980
OWC_1967	OWC_1967_k121_3120559	60503
OWC_1967	OWC_1967_k121_10946043	19977
OWC_1967	OWC_1967_k121_14338336	26236
OWC_1967	OWC_1967_k121_17163979	3293
OWC_1967	OWC_1967_k121_19555871	30496
OWC_1977	OWC_1977_k121_8639232	25437
OWC_1977	OWC_1977_k121_8702178	12576
OWC_1977	OWC_1977_k121_12991342	6172
OWC_1977	OWC_1977_k121_15870562	6505
OWC_1977	OWC_1977_k121_25974492	9263
OWC_1980	OWC_1980_k121_13459711	3222
OWC_1982	OWC_1982_scaffold00889	20796
OWC_1985	OWC_1985_scaffold56438	4044
OWC_1986	OWC_1986_k121_9687170	7601
OWC_1986	OWC_1986_k121_22388969	3440
OWC_1990	OWC_1990_scaffold19637	5682
OWC_1993	OWC_1993_scaffold_3974	6356
OWC_1996	OWC_1996_k121_6528968	6653
OWC_1996	OWC_1996_k121_13172129	2703
OWC_1997	OWC_1997_k121_3142096	6265
OWC_1999	OWC_1999_k121_4003920	6471
OWC_2001	OWC_2001_k121_4006787	4521
OWC_2008	OWC_2008_scaffold_7501	4507
OWC_2010	OWC_2010_scaffold_15182	3524
OWC_2010	OWC_2010_scaffold_21577	5896
OWC_2012	OWC_2012_k121_4825708	3882
OWC_2012	OWC_2012_k121_827398	2764
OWC_2016	OWC_2016_scaffold_5484	11385
OWC_2018	OWC_2018_scaffold_3924	9398
OWC_2028	OWC_2028_k121_10244803	34145
OWC_2028	OWC_2028_k121_19058369	18660
OWC_2028	OWC_2028_k121_20004778	13341
OWC_2028	OWC_2028_k121_22739582	12891
OWC_2028	OWC_2028_k121_23063877	23971
OWC_2028	OWC_2028_k121_26154849	4800
OWC_2028	OWC_2028_k121_29567386	34382
OWC_2030	OWC_2030_k121_18892838	3880
OWC_2031	OWC_2031_k121_13067875	5436
OWC_2032	OWC_2032_k121_9504922	3025
OWC_2032	OWC_2032_k121_9361913	5462
OWC_2033	OWC_2033_k121_5195797	3108
OWC_2037	OWC_2037_k121_55338213	4517
OWC_2045	OWC_2045_k121_18795978	5799
OWC_2047	OWC_2047_k121_5711636	23696
OWC_2048	OWC_2048_k121_10033584	21038
OWC_2049	OWC_2049_scaffold_1437	7728
OWC_2050	OWC_2050_k121_8652026	2792
OWC_2050	OWC_2050_k121_8321668	22585
OWC_2050	OWC_2050_k121_181855	17235
OWC_2050	OWC_2050_k121_6089214	3891
OWC_2053	OWC_2053_k121_8208552	9026
OWC_2053	OWC_2053_k121_6150615	13092
OWC_2054	OWC_2054_k121_329472	3353
OWC_2054	OWC_2054_k121_3522538	3568
OWC_2055	OWC_2055_k121_8745869	11336
OWC_2055	OWC_2055_k121_10639817	4512
OWC_2055	OWC_2055_k121_19539028	2927
OWC_2055	OWC_2055_k121_32376910	5429
OWC_2056	OWC_2056_k121_5722954	19824
OWC_2056	OWC_2056_k121_5822422	2824
OWC_2060	OWC_2060_k121_1645638	4549
OWC_2060	OWC_2060_k121_2061784	2855
OWC_2060	OWC_2060_k121_9196174	3518
OWC_2060	OWC_2060_k121_12062654	2798
OWC_2086	OWC_2086_scaffold23856	4555
OWC_2086	OWC_2086_scaffold90983	2613
OWC_2088	OWC_2088_k121_3071166	3935
OWC_2088	OWC_2088_k121_6664426	20356
OWC_2088	OWC_2088_k121_6848010	5695
OWC_2088	OWC_2088_k121_16768234	7439
OWC_2088	OWC_2088_k121_18533051	6015
OWC_2088	OWC_2088_k121_31442993	9590
OWC_2088	OWC_2088_k121_32210986	4042
OWC_2088	OWC_2088_k121_33150038	8564
OWC_2088	OWC_2088_k121_34007340	2999
OWC_2088	OWC_2088_k121_34007414	4621
OWC_2093	OWC_2093_k121_1212933	4990
OWC_2098	OWC_2098_k121_5145979	2959
OWC_2100	OWC_2100_k121_18657022	7002
OWC_2112	OWC_2112_scaffold_35107	3296
OWC_2129	OWC_2129_k121_2292221	13340
OWC_2130	OWC_2130_scaffold_432	20165
OWC_2132	OWC_2132_k121_535354	32421
OWC_2133	OWC_2133_k121_3208245	19283
OWC_2133	OWC_2133_k121_3387468	9129
OWC_2133	OWC_2133_k121_10394006	13991
OWC_2133	OWC_2133_k121_18188956	14894
OWC_2133	OWC_2133_k121_21327344	13654
OWC_2133	OWC_2133_k121_29471472	13231
OWC_2134	OWC_2134_k121_5396322	26147
OWC_2134	OWC_2134_k121_14690858	8921
OWC_2135	OWC_2135_k121_23918233	6765
OWC_2136	OWC_2136_scaffold_567	14841
OWC_2137	OWC_2137_k121_18120760	7453
OWC_2138	OWC_2138_k121_6047973	106673
OWC_2138	OWC_2138_k121_7995102	50388
OWC_2139	OWC_2139_k121_1357473	38587
OWC_2139	OWC_2139_k121_8874424	126601
OWC_2139	OWC_2139_k121_8974501	36158
OWC_2139	OWC_2139_k121_6249077	80967
OWC_2141	OWC_2141_scaffold46277	3459
OWC_2141	OWC_2141_scaffold56087	3197
OWC_2141	OWC_2141_scaffold66689	2974
OWC_2141	OWC_2141_scaffold96730	2547
OWC_2144	OWC_2144_k121_2818531	9182
OWC_2144	OWC_2144_k121_7104627	5103
OWC_2145	OWC_2145_scaffold101326	2729
OWC_2146	OWC_2146_k121_111167	195422
OWC_2146	OWC_2146_k121_261382	231158
OWC_2146	OWC_2146_k121_48070	287121
OWC_2148	OWC_2148_k121_4884452	3945
OWC_2154	OWC_2154_k121_194216	444909
OWC_2154	OWC_2154_k121_777853	491049
OWC_2158	OWC_2158_scaffold_28297	2647
OWC_2160	OWC_2160_k121_304447	7203
OWC_2162	OWC_2162_k121_6685442	4294
OWC_2163	OWC_2163_k121_52230	2521
OWC_2163	OWC_2163_k121_497680	7459
OWC_2165	OWC_2165_k121_9489237	5074
OWC_2169	OWC_2169_k121_7061446	5452
OWC_2169	OWC_2169_k121_4319841	8774
OWC_2171	OWC_2171_scaffold_13507	3538
OWC_2172	OWC_2172_k121_3949671	5166
OWC_2176	OWC_2176_k121_6489585	2607
OWC_2179	OWC_2179_scaffold_717	21554
OWC_2181	OWC_2181_k121_388428	109046
OWC_2181	OWC_2181_k121_428022	73281
OWC_2181	OWC_2181_k121_390006	51115
OWC_2181	OWC_2181_k121_413376	124778
OWC_2182	OWC_2182_k121_18817500	5556
OWC_2188	OWC_2188_k121_11347852	3132
OWC_2189	OWC_2189_scaffold_19594	3054
OWC_2190	OWC_2190_scaffold_19275	3117
OWC_2200	OWC_2200_k121_965778	3033
OWC_2208	OWC_2208_scaffold_10947	3751
OWC_2219	OWC_2219_k121_18916329	5960
OWC_2224	OWC_2224_k121_30586937	4025
OWC_2225	OWC_2225_k121_24789605	8947
OWC_2226	OWC_2226_k121_14493934	8786
OWC_2236	OWC_2236_k121_6912986	3422
OWC_2246	OWC_2246_k121_24910695	6114
OWC_2247	OWC_2247_k121_8660474	11672
OWC_2247	OWC_2247_k121_9813645	2792
OWC_2247	OWC_2247_k121_10318181	4327
OWC_2247	OWC_2247_k121_12439971	13914
OWC_2247	OWC_2247_k121_16020132	3154
OWC_2247	OWC_2247_k121_16641214	3514
OWC_2251	OWC_2251_k121_676843	4072
OWC_2252	OWC_2252_k121_40108859	5595
OWC_2253	OWC_2253_k121_7033496	7452
OWC_2253	OWC_2253_k121_16359233	6285
OWC_2254	OWC_2254_scaffold17974	5902
OWC_2254	OWC_2254_scaffold33529	4491
OWC_2259	OWC_2259_k121_2430730	194015
OWC_2262	OWC_2262_k121_819475	2560
OWC_2268	OWC_2268_k121_11424088	2550
OWC_2278	OWC_2278_k121_13065730	6432
OWC_2282	OWC_2282_k121_9607260	3174
OWC_2283	OWC_2283_k121_286005	10716
OWC_2283	OWC_2283_k121_7167421	4959
OWC_2286	OWC_2286_scaffold_132650	3481
OWC_2289	OWC_2289_k121_3143111	4453
OWC_2289	OWC_2289_k121_22618678	3424
OWC_2292	OWC_2292_scaffold_949	8372
OWC_2293	OWC_2293_scaffold_3832	5595
OWC_2293	OWC_2293_scaffold_14918	3394
OWC_2293	OWC_2293_scaffold_15357	3356
OWC_2294	OWC_2294_scaffold_115	14956
OWC_2296	OWC_2296_scaffold_21789	8461
OWC_2297	OWC_2297_scaffold_20688	2979
OWC_2298	OWC_2298_scaffold_1245	7794
OWC_2298	OWC_2298_scaffold_13543	3525
OWC_2299	OWC_2299_k121_1343485	5100
OWC_2300	OWC_2300_scaffold_1681	7652
OWC_2300	OWC_2300_scaffold_20696	3025
OWC_2301	OWC_2301_scaffold_982	8797
OWC_2302	OWC_2302_scaffold_1578	7484
OWC_2304	OWC_2304_scaffold_3463	6607
OWC_2305	OWC_2305_scaffold_1332	7395
OWC_2307	OWC_2307_k121_5017739	5119
OWC_2308	OWC_2308_scaffold_9981	5773
OWC_2311	OWC_2311_k121_3393307	7791
OWC_2312	OWC_2312_scaffold_1385	10451
OWC_2313	OWC_2313_scaffold_423	9358
OWC_2314	OWC_2314_scaffold_70881	3479
OWC_2315	OWC_2315_k121_6342620	2611
OWC_2316	OWC_2316_k121_7763894	5176
OWC_2317	OWC_2317_scaffold_2965	14835
OWC_2318	OWC_2318_k121_6135907	3404
OWC_2318	OWC_2318_k121_15519401	4783
OWC_2318	OWC_2318_k121_28242909	6658
OWC_2320	OWC_2320_k121_1626288	33473
OWC_2320	OWC_2320_k121_2153854	8075
OWC_2320	OWC_2320_k121_3990152	10753
OWC_2320	OWC_2320_k121_11761327	7778
OWC_2321	OWC_2321_k121_474780	94482
OWC_2321	OWC_2321_k121_280064	52097
OWC_2321	OWC_2321_k121_225250	161550
OWC_2321	OWC_2321_k121_190777	25793
OWC_2321	OWC_2321_k121_338740	23546
OWC_2321	OWC_2321_k121_194099	13373
OWC_2321	OWC_2321_k121_286382	58308
OWC_2323	OWC_2323_k121_2021742	4835
OWC_2326	OWC_2326_k121_52404443	13935
OWC_2327	OWC_2327_k121_27485277	4138
OWC_2329	OWC_2329_k121_529390	57021
OWC_2329	OWC_2329_k121_710217	61378
OWC_2332	OWC_2332_k121_7936835	3275
OWC_2340	OWC_2340_k121_2043838	6445
OWC_2342	OWC_2342_k121_3616243	8127
OWC_2347	OWC_2347_scaffold_146	18340
OWC_2361	OWC_2361_scaffold_1423	9932
OWC_2363	OWC_2363_scaffold26684	4352
OWC_2367	OWC_2367_k121_795480	6359
OWC_2372	OWC_2372_k121_236397	8800
OWC_2379	OWC_2379_k121_47105784	11534
OWC_2382	OWC_2382_k121_7713384	4098
OWC_2382	OWC_2382_k121_7973252	3255
OWC_2382	OWC_2382_k121_4699526	2533
OWC_2383	OWC_2383_k121_16539390	12413
OWC_2385	OWC_2385_k121_443576	16816
OWC_2385	OWC_2385_k121_1176541	3413
OWC_2385	OWC_2385_k121_31889658	5620
OWC_2390	OWC_2390_k121_48781121	16376
OWC_2391	OWC_2391_k121_2566281	4255
OWC_2392	OWC_2392_k121_1977794	9267
OWC_2392	OWC_2392_k121_2022098	10452
OWC_2392	OWC_2392_k121_2211862	10844
OWC_2392	OWC_2392_k121_2875789	12674
OWC_2392	OWC_2392_k121_14605592	21061
OWC_2394	OWC_2394_scaffold_1305	11293
OWC_2394	OWC_2394_scaffold_16700	2982
OWC_2394	OWC_2394_scaffold_64	27620
OWC_2396	OWC_2396_k121_10263371	12242
OWC_2396	OWC_2396_k121_23338349	3241
OWC_2397	OWC_2397_k121_15243499	8240
OWC_2398	OWC_2398_k121_2795305	78158
OWC_2398	OWC_2398_k121_5292836	35951
OWC_2398	OWC_2398_k121_9884225	71661
OWC_2398	OWC_2398_k121_17608600	31232
OWC_2398	OWC_2398_k121_18039733	139929
OWC_2398	OWC_2398_k121_20812986	128098
OWC_2398	OWC_2398_k121_22879769	31842
OWC_2398	OWC_2398_k121_24566164	16967
OWC_2398	OWC_2398_k121_24687906	8657
OWC_2399	OWC_2399_k121_4999529	4738
OWC_2399	OWC_2399_k121_10600005	7809
OWC_2399	OWC_2399_k121_14140873	2723
OWC_2400	OWC_2400_scaffold54363	4116
OWC_2403	OWC_2403_k121_8606100	3075
OWC_2404	OWC_2404_k121_4068322	30879
OWC_2404	OWC_2404_k121_10334371	19347
OWC_2405	OWC_2405_k121_58133	350330
OWC_2405	OWC_2405_k121_8132919	91792
OWC_2405	OWC_2405_k121_9456921	90527
OWC_2405	OWC_2405_k121_13824295	54825
OWC_2405	OWC_2405_k121_22563457	69189
OWC_2405	OWC_2405_k121_22973156	74129
OWC_2408	OWC_2408_k121_3390639	55703
OWC_2408	OWC_2408_k121_13205166	11123
OWC_2408	OWC_2408_k121_14837761	86817
OWC_2408	OWC_2408_k121_17707473	8318
OWC_2408	OWC_2408_k121_21552003	40049
OWC_2413	OWC_2413_k121_6024255	4321
OWC_2415	OWC_2415_k121_8029807	30201
OWC_2415	OWC_2415_k121_12480552	12500
OWC_2415	OWC_2415_k121_12669115	66868
OWC_2415	OWC_2415_k121_15187714	51257
OWC_2415	OWC_2415_k121_21878714	13608
OWC_2416	OWC_2416_scaffold_0	539199
OWC_2416	OWC_2416_scaffold_4	417090
OWC_2417	OWC_2417_k121_17176481	56093
OWC_2418	OWC_2418_k121_7729849	3688
OWC_2418	OWC_2418_k121_25411224	35058
OWC_2420	OWC_2420_k121_8248087	16785
OWC_2420	OWC_2420_k121_12670505	90816
OWC_2420	OWC_2420_k121_12719504	10874
OWC_2422	OWC_2422_k121_1197543	5231
OWC_2422	OWC_2422_k121_12551162	2864
OWC_2428	OWC_2428_k121_8350955	3310
OWC_2428	OWC_2428_k121_28321707	9905
OWC_2429	OWC_2429_k121_21622621	7632
OWC_2430	OWC_2430_k121_19910028	8419
OWC_2430	OWC_2430_k121_64946413	4553
OWC_2432	OWC_2432_k121_4277607	43017
OWC_2432	OWC_2432_k121_10112004	157882
OWC_2432	OWC_2432_k121_10189043	22879
OWC_2432	OWC_2432_k121_16692064	27043
OWC_2432	OWC_2432_k121_23644103	57015
OWC_2436	OWC_2436_k121_12244249	3258
OWC_2436	OWC_2436_k121_14713183	4620
OWC_2436	OWC_2436_k121_17803445	3718
OWC_2438	OWC_2438_k121_1907276	192038
OWC_2438	OWC_2438_k121_11095610	40706
OWC_2438	OWC_2438_k121_13263848	34314
OWC_2438	OWC_2438_k121_16520171	35094
OWC_2438	OWC_2438_k121_16603817	116437
OWC_2439	OWC_2439_k121_1868901	82676
OWC_2439	OWC_2439_k121_3609032	87382
OWC_2439	OWC_2439_k121_9249108	60487
OWC_2439	OWC_2439_k121_16029747	22232
OWC_2439	OWC_2439_k121_22833898	43779
OWC_2439	OWC_2439_k121_27888602	45405
OWC_2440	OWC_2440_k121_4632838	33355
OWC_2440	OWC_2440_k121_4894236	12215
OWC_2440	OWC_2440_k121_16387736	23787
OWC_2440	OWC_2440_k121_17979010	19290
OWC_2440	OWC_2440_k121_21421280	14251
OWC_2440	OWC_2440_k121_21517107	15395
OWC_2440	OWC_2440_k121_24877562	25065
OWC_2441	OWC_2441_k121_21900372	45015
OWC_2441	OWC_2441_k121_27161428	63261
OWC_2442	OWC_2442_k121_63830	31267
OWC_2442	OWC_2442_k121_4013288	72784
OWC_2442	OWC_2442_k121_5680053	47325
OWC_2442	OWC_2442_k121_6056060	58994
OWC_2442	OWC_2442_k121_6266157	30373
OWC_2442	OWC_2442_k121_6421520	50202
OWC_2442	OWC_2442_k121_9650266	41387
OWC_2442	OWC_2442_k121_14497947	100451
OWC_2442	OWC_2442_k121_22049925	33052
OWC_2446	OWC_2446_k121_67384905	2773
OWC_2450	OWC_2450_k121_11541356	14881
OWC_2450	OWC_2450_k121_12072664	7257
OWC_2451	OWC_2451_k121_7168368	2930
OWC_2452	OWC_2452_k121_21610099	9805
OWC_2453	OWC_2453_k121_8401997	18151
OWC_2454	OWC_2454_k121_5655107	9049
OWC_2455	OWC_2455_k121_4012351	3175
OWC_2455	OWC_2455_k121_5116459	4241
OWC_2455	OWC_2455_k121_6555662	2520
OWC_2456	OWC_2456_k121_3447834	4086
OWC_2456	OWC_2456_k121_5691468	2629
OWC_2457	OWC_2457_k121_1380572	4451
OWC_2459	OWC_2459_k121_1667837	6140
OWC_2459	OWC_2459_k121_8997607	3475
OWC_2460	OWC_2460_k121_5882275	5028
OWC_2460	OWC_2460_k121_7893583	12774
OWC_2462	OWC_2462_k121_10576952	3201
OWC_2463	OWC_2463_k121_70046174	10074
OWC_2463	OWC_2463_k121_76660379	17145
OWC_2463	OWC_2463_k121_27637055	8276
OWC_2464	OWC_2464_scaffold_226	17867
OWC_2464	OWC_2464_scaffold_699	11295
OWC_2467	OWC_2467_scaffold_70570	3959
OWC_2472	OWC_2472_k121_30420714	3159
OWC_2475	OWC_2475_k121_5701042	2573
OWC_2492	OWC_2492_k121_2851086	6255
OWC_2492	OWC_2492_k121_8122277	4649
OWC_2492	OWC_2492_k121_19784034	4496
OWC_2496	OWC_2496_k121_18068707	8801
OWC_2498	OWC_2498_k121_2978730	5182
OWC_2498	OWC_2498_k121_4671616	5775
OWC_2498	OWC_2498_k121_4973978	3368
OWC_2498	OWC_2498_k121_5768871	12153
OWC_2499	OWC_2499_k121_1160986	177425
OWC_2499	OWC_2499_k121_1741395	91940
OWC_2499	OWC_2499_k121_5498130	11307
OWC_2499	OWC_2499_k121_8486289	6775
OWC_2499	OWC_2499_k121_8742035	32118
OWC_2499	OWC_2499_k121_13773224	42303
OWC_2499	OWC_2499_k121_17155480	8852
OWC_2500	OWC_2500_k121_60166	8677
OWC_2501	OWC_2501_k121_5486584	4781
OWC_2501	OWC_2501_k121_21814586	7171
OWC_2502	OWC_2502_k121_2986988	13064
OWC_2502	OWC_2502_k121_6506491	20205
OWC_2502	OWC_2502_k121_9095025	10510
OWC_2506	OWC_2506_k121_6577802	9230
OWC_2506	OWC_2506_k121_14718839	2674
