bin	contig	start	end	strand	rrna
OWC_0522	OWC_0522_scaffold_3023	10566	10680	-	5S
OWC_0539	OWC_0539_scaffold_2524	12276	12392	-	5S
OWC_0539	OWC_0539_scaffold_2524	12521	13545	-	(partial) 23S
OWC_0248	OWC_0248_scaffold05450	5271	5390	-	5S
OWC_0248	OWC_0248_scaffold90915	2199	2318	-	5S
OWC_1857	OWC_1857_k121_16856376	452	568	+	5S
OWC_1857	OWC_1857_k121_78575378	11920	12429	+	(partial) 16S
OWC_0599	OWC_0599_scaffold_24613	2524	2640	-	5S
OWC_1553	OWC_1553_k121_6209165	1	822	-	(partial) 16S
OWC_1553	OWC_1553_k121_15795280	13609	13725	-	5S
OWC_0962	OWC_0962_k121_7268171	420	536	+	5S
OWC_0692	OWC_0692_scaffold28182	371	487	+	5S
OWC_1288	OWC_1288_k121_4868186	1	825	-	(partial) 16S
OWC_1491	OWC_1491_k121_1724594	12492	12608	-	5S
OWC_1491	OWC_1491_k121_1724594	12673	15621	-	23S
OWC_1491	OWC_1491_k121_1724594	15871	16539	-	(partial) 16S
OWC_0746	OWC_0746_k121_1616679	240	348	+	5S
OWC_1430	OWC_1430_k121_2134127	24421	25003	+	(partial) 16S
OWC_1430	OWC_1430_k121_1388747	335	451	+	5S
OWC_0332	OWC_0332_k121_16317772	4900	5016	-	5S
OWC_0729	OWC_0729_scaffold_276	1	87	+	(partial) 5S
OWC_0282	OWC_0282_k121_8326793	3433	3552	-	5S
OWC_0009	OWC_0009_k121_360567	2715	2835	+	5S
OWC_2179	OWC_2179_scaffold_3588	5852	6595	+	(partial) 16S
OWC_2179	OWC_2179_scaffold_7286	489	602	+	5S
OWC_2399	OWC_2399_k121_19341003	1	486	+	(partial) 16S
OWC_1880	OWC_1880_k121_18304628	558	663	+	5S
OWC_2289	OWC_2289_k121_13216859	2561	2676	-	5S
OWC_0817	OWC_0817_k121_898279	1	463	-	(partial) 16S
OWC_0954	OWC_0954_k121_7343697	2383	2499	-	5S
OWC_1711	OWC_1711_k121_3485325	6701	6817	-	5S
OWC_1444	OWC_1444_k121_24443283	2876	2984	-	5S
OWC_2315	OWC_2315_k121_5411956	5	120	+	5S
OWC_1141	OWC_1141_k121_6575839	2422	3986	-	16S
OWC_1368	OWC_1368_k121_13625812	8470	8586	-	5S
OWC_1917	OWC_1917_k121_1076452	1	102	+	(5' truncated) 5S
OWC_1589	OWC_1589_k121_71466425	28986	29102	-	5S
OWC_1589	OWC_1589_k121_76440510	15973	16790	+	(partial) 16S
OWC_1865	OWC_1865_k121_3470400	2439	2558	+	5S
OWC_0750	OWC_0750_scaffold12801	288	396	+	5S
OWC_1623	OWC_1623_k121_38524958	1	90	+	(partial) 5S
OWC_0428	OWC_0428_k121_5414494	1	853	-	(partial) 16S
OWC_0983	OWC_0983_k121_28351529	141	258	+	5S
OWC_2319	OWC_2319_scaffold_3619	7765	7879	-	5S
OWC_0723	OWC_0723_scaffold_4101	416	524	+	5S
OWC_0824	OWC_0824_k121_27419892	5570	5686	-	5S
OWC_2211	OWC_2211_k121_4029376	4449	4563	-	5S
OWC_1437	OWC_1437_k121_23240213	1	1087	-	(partial) 16S
OWC_1437	OWC_1437_k121_54843202	327	443	+	5S
OWC_1340	OWC_1340_scaffold_12050	5633	5749	-	5S
OWC_0459	OWC_0459_k121_10083261	13066	13182	-	5S
OWC_1162	OWC_1162_scaffold_22451	4529	4645	-	5S
OWC_1766	OWC_1766_k121_6237840	5	121	+	5S
OWC_1740	OWC_1740_k121_5175998	176	292	+	5S
OWC_1947	OWC_1947_k121_7131341	4753	5269	+	(partial) 16S
OWC_0246	OWC_0246_k121_3449443	6448	6552	-	(5' truncated) 5S
OWC_2033	OWC_2033_k121_4011811	427	540	+	5S
OWC_1112	OWC_1112_scaffold_371	25074	26036	+	(partial) 16S
OWC_1112	OWC_1112_scaffold_1674	105	220	+	5S
OWC_1988	OWC_1988_k121_20071602	301	415	+	5S
OWC_1509	OWC_1509_scaffold_93	27448	27564	-	5S
OWC_1509	OWC_1509_scaffold_93	27610	28621	-	(partial) 23S
OWC_2480	OWC_2480_k121_12952712	1	621	-	(partial) 16S
OWC_0924	OWC_0924_k121_20335922	6731	6838	-	(5' truncated) 5S
OWC_1828	OWC_1828_k121_10086992	57337	57453	-	5S
OWC_2255	OWC_2255_k121_52796714	4501	4600	-	(5' truncated) 5S
OWC_2140	OWC_2140_k121_9765422	46585	46698	-	5S
OWC_2140	OWC_2140_k121_9060006	8147	8260	-	5S
OWC_1280	OWC_1280_k121_2128289	3862	3978	-	5S
OWC_1324	OWC_1324_k121_3545033	5916	6032	-	5S
OWC_2343	OWC_2343_k121_2445511	302	417	+	5S
OWC_2259	OWC_2259_k121_7673773	293755	293868	-	5S
OWC_1361	OWC_1361_k121_9142937	1	101	+	(5' truncated) 5S
OWC_0973	OWC_0973_k121_1661619	294	410	+	5S
OWC_0409	OWC_0409_k121_4725467	5434	5552	+	5S
OWC_2270	OWC_2270_k121_2560256	1	114	+	5S
OWC_0504	OWC_0504_k121_12746882	430	546	+	5S
OWC_2216	OWC_2216_k121_18719783	257	372	+	5S
OWC_0721	OWC_0721_k121_336843	4	114	+	5S
OWC_0721	OWC_0721_k121_451310	3840	3938	-	(5' truncated) 5S
OWC_0721	OWC_0721_k121_362963	19061	19159	-	(5' truncated) 5S
OWC_0078	OWC_0078_scaffold01940	1	1079	-	(partial) 16S
OWC_0631	OWC_0631_k121_21855307	6202	6318	-	5S
OWC_0038	OWC_0038_k121_21973463	2733	2825	-	(partial) 5S
OWC_0038	OWC_0038_k121_23049894	1	116	+	(5' truncated) 5S
OWC_0125	OWC_0125_scaffold_482	7295	7414	+	5S
OWC_0125	OWC_0125_scaffold_559	18248	19781	+	16S
OWC_1703	OWC_1703_k121_15426196	83397	83513	-	5S
OWC_0122	OWC_0122_k121_31200941	6766	6854	+	(partial) 5S
OWC_0122	OWC_0122_k121_67478825	4	119	+	5S
OWC_1468	OWC_1468_k121_78022525	4849	4965	-	5S
OWC_2187	OWC_2187_scaffold_40909	437	551	+	5S
OWC_0948	OWC_0948_k121_8469337	3053	3929	+	(partial) 16S
OWC_1300	OWC_1300_k121_13716577	11727	12339	+	(partial) 16S
OWC_1668	OWC_1668_k121_1182101	4238	4856	+	(partial) 16S
OWC_1642	OWC_1642_k121_53357399	430	546	+	5S
OWC_0178	OWC_0178_k121_24648056	2829	2948	+	5S
OWC_0226	OWC_0226_k121_8774046	2953	3072	+	5S
OWC_0226	OWC_0226_k121_4034145	324	443	-	5S
OWC_1989	OWC_1989_k121_1545426	335	450	+	5S
OWC_1082	OWC_1082_k121_12605975	3690	3806	-	5S
OWC_1322	OWC_1322_k121_3129617	2069	2185	-	5S
OWC_0855	OWC_0855_k121_3892064	411	527	+	5S
OWC_0133	OWC_0133_k121_4169949	167	283	-	5S
OWC_0133	OWC_0133_k121_12114821	7758	8821	+	(partial) 16S
OWC_1561	OWC_1561_k121_7577606	6	122	+	5S
OWC_0091	OWC_0091_k121_1383888	3373	3487	-	(5' truncated) 5S
OWC_0229	OWC_0229_k121_3352943	6441	6562	+	5S
OWC_1423	OWC_1423_k121_5629714	33140	33806	-	(partial) 16S
OWC_1423	OWC_1423_k121_6592175	1	1003	-	(partial) 16S
OWC_1423	OWC_1423_k121_7477431	877	993	+	5S
OWC_1423	OWC_1423_k121_23765214	1	2093	-	(partial) 23S
OWC_1421	OWC_1421_k121_5089816	555	671	+	5S
OWC_2337	OWC_2337_k121_8779713	25812	25927	-	5S
OWC_2337	OWC_2337_k121_602802	214023	214616	+	(partial) 16S
OWC_0912	OWC_0912_k121_11086418	3460	3575	-	5S
OWC_0143	OWC_0143_k121_2512019	264	1742	-	16S
OWC_0143	OWC_0143_k121_6343080	618	731	+	5S
OWC_2404	OWC_2404_k121_10276967	55381	55494	-	5S
OWC_0970	OWC_0970_k121_5720551	1	90	+	(partial) 5S
OWC_0083	OWC_0083_scaffold_29981	1	903	-	(partial) 16S
OWC_0915	OWC_0915_scaffold05475	8961	9077	-	5S
OWC_1505	OWC_1505_scaffold_4934	6705	6821	-	5S
OWC_0211	OWC_0211_k121_8262900	6004	6124	-	5S
OWC_0283	OWC_0283_scaffold_17763	1498	1617	+	5S
OWC_0763	OWC_0763_k121_20270776	6776	7765	+	(partial) 16S
OWC_1148	OWC_1148_k121_2751563	283	399	+	5S
OWC_0435	OWC_0435_k121_13060	7886	8593	+	(partial) 16S
OWC_0435	OWC_0435_k121_5889371	4510	4626	-	5S
OWC_1817	OWC_1817_k121_28566444	464	580	+	5S
OWC_1019	OWC_1019_k121_709070	5434	5551	-	5S
OWC_0202	OWC_0202_scaffold_4649	2444	2563	+	5S
OWC_0935	OWC_0935_k121_30919145	5652	5728	-	(partial) 5S
OWC_0951	OWC_0951_k121_5017600	6601	6717	-	5S
OWC_1935	OWC_1935_scaffold_630	19415	20729	+	16S
OWC_1935	OWC_1935_scaffold_630	21682	23756	+	(partial) 23S
OWC_1625	OWC_1625_k121_77656062	3302	3418	-	5S
OWC_1997	OWC_1997_k121_228982	2	114	+	5S
OWC_0480	OWC_0480_k121_1429835	5058	5174	-	5S
OWC_1847	OWC_1847_scaffold_1376	15434	16923	+	16S
OWC_1847	OWC_1847_scaffold_1376	19118	22367	+	23S
OWC_1847	OWC_1847_scaffold_1376	22458	22569	+	5S
OWC_1457	OWC_1457_k121_11303203	2718	2836	-	5S
OWC_0000	OWC_0000_k121_16367814	3255	3361	-	(5' truncated) 5S
OWC_0135	OWC_0135_k121_12064067	1295	1409	+	5S
OWC_0135	OWC_0135_k121_25614597	10962	11589	-	(partial) 16S
OWC_2500	OWC_2500_k121_14447471	5372	6503	+	(partial) 16S
OWC_1424	OWC_1424_k121_7137335	1	919	+	(partial) 23S
OWC_1424	OWC_1424_k121_7137335	1098	1214	+	5S
OWC_2170	OWC_2170_k121_3451527	8	121	+	5S
OWC_2446	OWC_2446_k121_52126089	187	302	+	5S
OWC_2383	OWC_2383_k121_13715582	13790	13906	-	5S
OWC_2383	OWC_2383_k121_22837802	7335	7876	+	(partial) 16S
OWC_1764	OWC_1764_k121_1672067	4994	5110	+	5S
OWC_0724	OWC_0724_k121_10559105	429	537	+	5S
OWC_1846	OWC_1846_k121_11954289	2910	4400	+	16S
OWC_1846	OWC_1846_k121_11954289	7620	10663	+	23S
OWC_1846	OWC_1846_k121_11954289	11213	11323	+	5S
OWC_0662	OWC_0662_k121_13637047	2430	2533	-	(5' truncated) 5S
OWC_1836	OWC_1836_k121_784071	1	1001	-	(partial) 16S
OWC_1836	OWC_1836_k121_17647838	9998	10114	-	5S
OWC_1836	OWC_1836_k121_26406591	3382	4889	-	16S
OWC_0362	OWC_0362_k121_11372062	512	628	+	5S
OWC_0362	OWC_0362_k121_16058447	4429	5859	+	(partial) 23S
OWC_0286	OWC_0286_k121_1598854	3869	3988	-	5S
OWC_0629	OWC_0629_scaffold_75	90317	90433	-	5S
OWC_1263	OWC_1263_k121_9647225	1	97	+	(5' truncated) 5S
OWC_2330	OWC_2330_k121_2435187	3588	3703	-	5S
OWC_0020	OWC_0020_k121_34107382	320	2652	+	(partial) 23S
OWC_0020	OWC_0020_k121_52128980	2	123	-	5S
OWC_0020	OWC_0020_k121_52128980	297	3040	-	(5' truncated) 23S
OWC_0020	OWC_0020_k121_25043834	4757	4862	-	(5' truncated) 5S
OWC_1022	OWC_1022_k121_28738371	1371	1488	+	5S
OWC_2169	OWC_2169_k121_8531256	205	318	+	5S
OWC_1617	OWC_1617_scaffold98654	2637	2753	-	5S
OWC_1916	OWC_1916_k121_3542497	1	2056	-	(partial) 23S
OWC_2373	OWC_2373_k121_12007806	2678	2793	-	5S
OWC_0847	OWC_0847_k121_44211413	221	338	+	5S
OWC_0625	OWC_0625_k121_12313208	4489	4605	-	5S
OWC_0963	OWC_0963_k121_18205306	5170	5285	-	(5' truncated) 5S
OWC_0269	OWC_0269_k121_11364786	3774	3893	+	5S
OWC_0308	OWC_0308_k121_4516432	12108	12227	-	5S
OWC_0308	OWC_0308_k121_22596210	8466	8975	+	(partial) 16S
OWC_0356	OWC_0356_k121_7306170	6875	6991	-	5S
OWC_1433	OWC_1433_k121_39354480	263	379	+	5S
OWC_1106	OWC_1106_k121_796986	1	462	-	(partial) 16S
OWC_1697	OWC_1697_k121_10256257	5675	5791	-	5S
OWC_0280	OWC_0280_scaffold_10184	3194	3313	-	5S
OWC_1689	OWC_1689_k121_55260759	483	599	+	5S
OWC_0033	OWC_0033_scaffold_17677	181	2918	-	(5' truncated) 23S
OWC_1710	OWC_1710_k121_1916550	501	617	+	5S
OWC_0089	OWC_0089_scaffold_38533	4253	4368	-	5S
OWC_0089	OWC_0089_scaffold_55514	4959	5074	-	5S
OWC_2316	OWC_2316_k121_11194493	8145	8260	-	5S
OWC_1062	OWC_1062_k121_24310157	1	114	-	(3' truncated) 5S
OWC_1881	OWC_1881_scaffold_13340	1	991	-	(partial) 16S
OWC_2016	OWC_2016_scaffold_23125	286	400	+	5S
OWC_2105	OWC_2105_k121_9140650	6275	6388	-	5S
OWC_1274	OWC_1274_k121_8930369	241	357	+	5S
OWC_2103	OWC_2103_k121_1809237	312	425	+	5S
OWC_0240	OWC_0240_k121_16460730	6940	7059	+	5S
OWC_0914	OWC_0914_k121_4476923	276	392	+	5S
OWC_0208	OWC_0208_scaffold_1307	7394	7514	-	5S
OWC_1128	OWC_1128_k121_5356114	3058	3172	-	5S
OWC_1921	OWC_1921_k121_5944704	2735	2850	-	5S
OWC_0301	OWC_0301_k121_25866805	1435	1555	-	5S
OWC_0438	OWC_0438_k121_17099809	1	110	+	(5' truncated) 5S
OWC_2208	OWC_2208_scaffold_49870	337	451	+	5S
OWC_1502	OWC_1502_scaffold_19769	429	545	+	5S
OWC_0943	OWC_0943_k121_22503362	3	119	+	5S
OWC_0430	OWC_0430_k121_59534387	526	642	+	5S
OWC_0590	OWC_0590_k121_818323	2774	2890	-	5S
OWC_2095	OWC_2095_scaffold_132	323	437	+	5S
OWC_0755	OWC_0755_k121_9880321	261	370	+	5S
OWC_1954	OWC_1954_scaffold_53562	2560	2674	-	5S
OWC_0931	OWC_0931_scaffold98578	2477	2593	-	5S
OWC_1967	OWC_1967_k121_17681466	1	709	-	(partial) 16S
OWC_1967	OWC_1967_k121_25315749	62380	62494	-	5S
OWC_2364	OWC_2364_k121_8671572	243	358	+	5S
OWC_1021	OWC_1021_k121_4474456	3115	3232	-	5S
OWC_0598	OWC_0598_scaffold_5294	4630	4746	-	5S
OWC_2442	OWC_2442_k121_4013288	71464	72784	+	(3' truncated) 16S
OWC_1756	OWC_1756_k121_3995781	1	116	+	5S
OWC_2377	OWC_2377_scaffold_28436	3465	3580	-	5S
OWC_1381	OWC_1381_k121_1077424	1	110	+	(5' truncated) 5S
OWC_0738	OWC_0738_k121_3177103	10060	10168	-	5S
OWC_1475	OWC_1475_k121_17793356	6999	7115	-	5S
OWC_0288	OWC_0288_k121_379826	4152	4271	-	5S
OWC_0288	OWC_0288_k121_4004982	1064	1183	+	5S
OWC_1892	OWC_1892_scaffold_53092	2633	2750	-	5S
OWC_2091	OWC_2091_scaffold_375	8496	8610	-	5S
OWC_2091	OWC_2091_scaffold_375	8759	11179	-	(5' truncated) 23S
OWC_1522	OWC_1522_k121_8844019	34564	34680	-	5S
OWC_2094	OWC_2094_k121_7493508	2897	3009	-	5S
OWC_0785	OWC_0785_k121_21519624	1	949	-	(partial) 16S
OWC_0927	OWC_0927_k121_1530737	4170	4254	-	(partial) 5S
OWC_0622	OWC_0622_k121_22701079	7357	7473	-	5S
OWC_1830	OWC_1830_k121_74085777	1	1812	-	(partial) 23S
OWC_0304	OWC_0304_k121_69345124	5682	5802	+	5S
OWC_0505	OWC_0505_k121_50883898	235	351	+	5S
OWC_0003	OWC_0003_scaffold_36837	4967	5088	-	5S
OWC_1616	OWC_1616_scaffold60790	3435	3551	-	5S
OWC_0838	OWC_0838_k121_33069737	3580	3696	-	5S
OWC_1205	OWC_1205_k121_51488691	11663	11779	-	5S
OWC_0888	OWC_0888_k121_6540699	89	205	+	5S
OWC_0465	OWC_0465_scaffold_2273	9919	10035	-	5S
OWC_1641	OWC_1641_k121_49982251	4355	4471	-	5S
OWC_1913	OWC_1913_k121_6648353	5390	5503	-	5S
OWC_1627	OWC_1627_k121_10036569	555	671	+	5S
OWC_1111	OWC_1111_k121_146633	26517	26632	-	5S
OWC_0299	OWC_0299_scaffold72826	261	380	+	5S
OWC_2077	OWC_2077_scaffold_24509	17	131	+	5S
OWC_1465	OWC_1465_k121_24114	10837	10953	-	5S
OWC_1465	OWC_1465_k121_230043	2	119	+	5S
OWC_1465	OWC_1465_k121_362786	4606	4723	-	5S
OWC_1855	OWC_1855_scaffold_452	38576	40742	+	(partial) 23S
OWC_1855	OWC_1855_scaffold_20837	3769	3877	-	5S
OWC_1242	OWC_1242_k121_44899540	352	468	+	5S
OWC_1844	OWC_1844_scaffold_4805	3712	7362	+	23S
OWC_1844	OWC_1844_scaffold_4805	7594	7702	+	5S
OWC_1844	OWC_1844_scaffold_3183	592	2334	-	16S
OWC_1339	OWC_1339_scaffold_88534	424	540	+	5S
OWC_0484	OWC_0484_k121_50927698	14632	14748	-	5S
OWC_0484	OWC_0484_k121_46687338	9951	11509	+	16S
OWC_0937	OWC_0937_scaffold_52126	1	104	+	(5' truncated) 5S
OWC_1503	OWC_1503_k121_749465	4541	4657	-	5S
OWC_0455	OWC_0455_k121_1111208	19871	19987	-	5S
OWC_1963	OWC_1963_k121_131970	226	340	+	5S
OWC_2220	OWC_2220_k121_4831075	1	113	+	(5' truncated) 5S
OWC_2220	OWC_2220_k121_10218679	1	110	+	(5' truncated) 5S
OWC_2150	OWC_2150_scaffold_3473	5348	5460	-	5S
OWC_1164	OWC_1164_k121_1528274	2745	2861	-	5S
OWC_1525	OWC_1525_k121_2346274	12446	12562	-	5S
OWC_0690	OWC_0690_k121_2725964	372	488	+	5S
OWC_0887	OWC_0887_k121_20608429	120	236	+	5S
OWC_2071	OWC_2071_scaffold_17174	288	401	+	5S
OWC_2264	OWC_2264_k121_9944000	5946	6058	-	5S
OWC_1120	OWC_1120_k121_7361644	505	620	+	5S
OWC_1118	OWC_1118_k121_22087591	1	87	+	(partial) 5S
OWC_0463	OWC_0463_k121_2308057	3380	4219	+	(partial) 16S
OWC_0422	OWC_0422_k121_5194549	3572	3687	-	(5' truncated) 5S
OWC_1046	OWC_1046_k121_4282875	1	2176	-	(partial) 23S
OWC_1046	OWC_1046_k121_4895916	77996	78113	+	5S
OWC_1046	OWC_1046_k121_13002709	1	978	-	(partial) 16S
OWC_1046	OWC_1046_k121_17102456	1	825	+	(partial) 16S
OWC_1236	OWC_1236_k121_1658983	3337	3432	-	(5' truncated) 5S
OWC_1056	OWC_1056_scaffold_111598	1	2187	-	(partial) 23S
OWC_2439	OWC_2439_k121_27891494	21357	21472	-	5S
OWC_2164	OWC_2164_k121_217826	40	153	+	5S
OWC_0481	OWC_0481_scaffold00383	40041	40157	-	5S
OWC_1177	OWC_1177_k121_1517536	1	115	+	(5' truncated) 5S
OWC_0633	OWC_0633_scaffold_23436	3967	4082	-	5S
OWC_0633	OWC_0633_scaffold_61427	544	660	+	5S
OWC_0224	OWC_0224_k121_46172900	3584	3704	-	5S
OWC_0224	OWC_0224_k121_11455647	3090	3196	+	(3' truncated) 5S
OWC_1741	OWC_1741_scaffold_10873	5931	6047	-	5S
OWC_0773	OWC_0773_scaffold_8654	354	464	-	5S
OWC_0773	OWC_0773_scaffold_8654	616	3113	-	23S
OWC_0225	OWC_0225_k121_41623702	7045	7164	-	5S
OWC_1501	OWC_1501_scaffold_345	429	545	+	5S
OWC_0809	OWC_0809_k121_22092383	3264	3380	-	5S
OWC_1040	OWC_1040_k121_1063850	13372	13938	-	(partial) 16S
OWC_1040	OWC_1040_k121_16923845	5522	5638	-	5S
OWC_0698	OWC_0698_k121_13331580	8299	9110	+	(partial) 16S
OWC_0698	OWC_0698_k121_11536619	514	630	+	5S
OWC_1849	OWC_1849_k121_9890009	517	629	+	5S
OWC_0266	OWC_0266_k121_840697	2656	2775	+	5S
OWC_1319	OWC_1319_scaffold01278	22578	22693	-	5S
OWC_1757	OWC_1757_scaffold_83416	1	468	-	(partial) 16S
OWC_1999	OWC_1999_k121_4136750	1	104	+	(5' truncated) 5S
OWC_1320	OWC_1320_k121_15624143	4333	4449	-	5S
OWC_2138	OWC_2138_k121_2545960	3	115	+	5S
OWC_2329	OWC_2329_k121_73350	15146	15242	-	(5' truncated) 5S
OWC_2295	OWC_2295_scaffold_69745	2338	2448	-	5S
OWC_1123	OWC_1123_scaffold_20227	3723	4251	+	(partial) 16S
OWC_1821	OWC_1821_k121_43328086	3733	4751	+	(partial) 16S
OWC_1821	OWC_1821_k121_73607610	535	651	+	5S
OWC_1859	OWC_1859_k121_36289623	8974	9085	-	(5' truncated) 5S
OWC_0552	OWC_0552_k121_5129886	3830	3943	-	(5' truncated) 5S
OWC_0552	OWC_0552_k121_6425673	3016	3132	-	5S
OWC_0552	OWC_0552_k121_49226189	7633	7749	-	5S
OWC_1800	OWC_1800_k121_7789268	3914	4022	-	(5' truncated) 5S
OWC_0129	OWC_0129_k121_2050647	3219	4006	+	(partial) 16S
OWC_0129	OWC_0129_k121_24222433	1	2672	-	(3' truncated) 23S
OWC_0110	OWC_0110_k121_14710074	3373	3486	+	5S
OWC_0442	OWC_0442_k121_3812902	4123	4238	-	5S
OWC_0442	OWC_0442_k121_6199997	11937	12611	+	(partial) 16S
OWC_0442	OWC_0442_k121_4627457	24219	24335	+	5S
OWC_0427	OWC_0427_k121_2475579	2668	2781	-	(5' truncated) 5S
OWC_0795	OWC_0795_k121_24344281	22272	22388	-	5S
OWC_2148	OWC_2148_k121_8887280	5291	5404	-	5S
OWC_2148	OWC_2148_k121_7811891	2784	2897	-	5S
OWC_0815	OWC_0815_k121_776142	1	583	-	(partial) 16S
OWC_1618	OWC_1618_k121_11735660	3427	3543	-	5S
OWC_0432	OWC_0432_k121_351850	7155	7270	-	5S
OWC_0432	OWC_0432_k121_416306	49110	49225	-	5S
OWC_1488	OWC_1488_k121_11429889	3628	3744	-	5S
OWC_2040	OWC_2040_k121_8205123	2498	2610	-	5S
OWC_0161	OWC_0161_k121_28165217	2236	5142	+	23S
OWC_0161	OWC_0161_k121_28165217	5347	5467	+	5S
OWC_2057	OWC_2057_k121_1234872	3861	3973	-	5S
OWC_2420	OWC_2420_k121_579559	11	127	-	5S
OWC_1213	OWC_1213_scaffold_5148	5962	6059	-	(5' truncated) 5S
OWC_2429	OWC_2429_k121_33132487	5972	6089	+	5S
OWC_0632	OWC_0632_k121_8254706	16607	16723	-	5S
OWC_0562	OWC_0562_scaffold_1855	7763	8713	+	(partial) 16S
OWC_0241	OWC_0241_k121_1322111	1322	1441	-	5S
OWC_1894	OWC_1894_k121_2281460	1	1496	-	(partial) 23S
OWC_1894	OWC_1894_k121_7170137	1	943	-	(partial) 16S
OWC_0326	OWC_0326_k121_4428823	526	642	+	5S
OWC_1013	OWC_1013_k121_7122660	253	369	+	5S
OWC_1868	OWC_1868_k121_2329557	4609	4717	-	5S
OWC_1753	OWC_1753_k121_9397784	1	116	+	5S
OWC_1037	OWC_1037_k121_24122235	14631	14747	-	5S
OWC_1098	OWC_1098_k121_26927083	337	445	+	5S
OWC_1015	OWC_1015_scaffold04766	11915	12032	-	5S
OWC_2055	OWC_2055_k121_6757111	294	406	+	5S
OWC_0895	OWC_0895_k121_13368825	2643	2759	-	5S
OWC_1838	OWC_1838_k121_64329018	10326	11041	-	(partial) 16S
OWC_1838	OWC_1838_k121_76127168	55540	56274	+	(partial) 16S
OWC_1838	OWC_1838_k121_11208666	7594	7710	-	5S
OWC_0490	OWC_0490_k121_2635987	655	771	+	5S
OWC_1326	OWC_1326_k121_31545701	3715	3830	-	5S
OWC_2128	OWC_2128_k121_19807863	1	108	+	(5' truncated) 5S
OWC_2419	OWC_2419_k121_7363757	83842	83958	+	5S
OWC_0431	OWC_0431_k121_368372	1	114	+	(5' truncated) 5S
OWC_0431	OWC_0431_k121_415835	1	114	+	(5' truncated) 5S
OWC_1831	OWC_1831_k121_1180912	6358	7870	+	16S
OWC_1831	OWC_1831_k121_3328023	9135	11942	+	(3' truncated) 23S
OWC_1831	OWC_1831_k121_15667423	493	611	+	5S
OWC_0909	OWC_0909_k121_6920688	9259	9364	-	(5' truncated) 5S
OWC_1700	OWC_1700_k121_2175274	5775	5888	-	5S
OWC_0166	OWC_0166_scaffold_99	352	1826	-	16S
OWC_0166	OWC_0166_scaffold_1203	6394	9013	+	(3' truncated) 23S
OWC_0166	OWC_0166_scaffold_1324	3982	4102	-	5S
OWC_0179	OWC_0179_k121_10162057	61	180	-	5S
OWC_2432	OWC_2432_k121_16547680	33805	33919	-	5S
OWC_2432	OWC_2432_k121_16692064	1	1097	-	(partial) 16S
OWC_0194	OWC_0194_k121_2304192	11230	11350	-	5S
OWC_1688	OWC_1688_k121_26241946	6606	6722	-	5S
OWC_1669	OWC_1669_k121_7739527	4124	4240	-	5S
OWC_0553	OWC_0553_k121_20538482	1	115	+	(5' truncated) 5S
OWC_2137	OWC_2137_k121_10243352	239	352	+	5S
OWC_0555	OWC_0555_k121_41296016	3622	3738	-	5S
OWC_1031	OWC_1031_scaffold_14643	6517	6611	+	(partial) 5S
OWC_0822	OWC_0822_k121_2469031	310	426	+	5S
OWC_0822	OWC_0822_k121_17746719	2475	2591	-	5S
OWC_0751	OWC_0751_k121_37526415	219	327	+	5S
OWC_0292	OWC_0292_scaffold_1869	1751	1878	+	5S
OWC_2425	OWC_2425_k121_73256515	625	741	+	5S
OWC_0502	OWC_0502_k121_2527350	18541	18657	-	5S
OWC_0502	OWC_0502_k121_382203	21268	22247	+	(partial) 16S
OWC_1615	OWC_1615_scaffold04882	446	562	+	5S
OWC_2202	OWC_2202_k121_2562479	4	118	+	5S
OWC_2368	OWC_2368_scaffold_4850	315	430	+	5S
OWC_0113	OWC_0113_k121_21261709	1	111	-	5S
OWC_1085	OWC_1085_k121_249818	402	518	+	5S
OWC_1971	OWC_1971_scaffold_23617	2693	2807	-	5S
OWC_2485	OWC_2485_k121_7073788	6280	7389	+	(partial) 16S
OWC_1041	OWC_1041_k121_3436120	1001	1117	-	5S
OWC_1591	OWC_1591_k121_11896533	638	753	+	5S
OWC_1837	OWC_1837_k121_1721028	32821	33774	-	(partial) 16S
OWC_1837	OWC_1837_k121_2170945	3468	3584	-	5S
OWC_1861	OWC_1861_k121_5204595	8148	9292	+	(partial) 16S
OWC_1861	OWC_1861_k121_18080444	1	2279	+	(partial) 23S
OWC_1861	OWC_1861_k121_18080444	2380	2489	+	5S
OWC_2163	OWC_2163_k121_543140	2617	2730	-	5S
OWC_2163	OWC_2163_k121_920333	2898	3012	-	5S
OWC_1666	OWC_1666_k121_2437379	1	894	+	(partial) 23S
OWC_1666	OWC_1666_k121_2437379	1078	1194	+	5S
OWC_1991	OWC_1991_scaffold_19421	6479	6591	-	5S
OWC_0841	OWC_0841_k121_4078085	1	1263	+	(5' truncated) 16S
OWC_0088	OWC_0088_scaffold_13235	873	988	-	5S
OWC_1467	OWC_1467_k121_47936902	5915	6031	-	5S
OWC_1467	OWC_1467_k121_13083219	5378	5494	-	5S
OWC_0894	OWC_0894_k121_12576365	4205	4321	-	5S
OWC_0794	OWC_0794_k121_74043843	1	765	-	(partial) 16S
OWC_0794	OWC_0794_k121_48850856	5651	5742	-	(partial) 5S
OWC_1493	OWC_1493_k121_5423650	6036	6152	-	5S
OWC_2403	OWC_2403_k121_7514543	3683	3777	-	(partial) 5S
OWC_0002	OWC_0002_scaffold_6941	5587	5708	-	5S
OWC_0882	OWC_0882_k121_8639933	3456	3572	-	5S
OWC_1036	OWC_1036_scaffold14257	4772	4888	-	5S
OWC_0906	OWC_0906_k121_19874044	1	97	+	(5' truncated) 5S
OWC_0372	OWC_0372_k121_8578852	9368	9484	-	5S
OWC_0708	OWC_0708_k121_9096061	318	429	+	5S
OWC_1805	OWC_1805_k121_18545546	369	486	+	5S
OWC_2350	OWC_2350_k121_5762628	4092	4207	-	5S
OWC_1796	OWC_1796_k121_6182654	4904	4986	-	(partial) 5S
OWC_1387	OWC_1387_k121_13796269	5855	5971	-	5S
OWC_1395	OWC_1395_k121_7290049	43155	43264	-	(5' truncated) 5S
OWC_1395	OWC_1395_k121_7668065	8511	8620	-	(5' truncated) 5S
OWC_1903	OWC_1903_k121_15509974	4439	7370	+	23S
OWC_1903	OWC_1903_k121_15509974	7508	7615	+	5S
OWC_2004	OWC_2004_k121_1127753	4460	4572	-	5S
OWC_2054	OWC_2054_k121_1960121	312	424	+	5S
OWC_0423	OWC_0423_k121_759267	395	511	+	5S
OWC_0739	OWC_0739_k121_217653	7	115	+	5S
OWC_0739	OWC_0739_k121_7438932	1	2813	-	23S
OWC_0761	OWC_0761_k121_217345	2	110	+	5S
OWC_0761	OWC_0761_k121_794002	44874	44985	-	5S
OWC_0761	OWC_0761_k121_794002	45206	45317	-	5S
OWC_0761	OWC_0761_k121_43693	1	104	+	(5' truncated) 5S
OWC_1191	OWC_1191_scaffold_7704	110	226	+	5S
OWC_2027	OWC_2027_k121_10349708	3597	3709	-	5S
OWC_2440	OWC_2440_k121_11765923	7183	7299	-	5S
OWC_0904	OWC_0904_k121_1343220	356	472	+	5S
OWC_0514	OWC_0514_k121_3026945	346	462	+	5S
OWC_0651	OWC_0651_k121_9458405	384	500	+	5S
OWC_0182	OWC_0182_k121_1540390	14279	14399	-	5S
OWC_0182	OWC_0182_k121_11312261	1	463	-	(partial) 16S
OWC_0669	OWC_0669_scaffold08390	7653	7769	-	5S
OWC_1930	OWC_1930_k121_26464377	28089	28203	-	5S
OWC_0121	OWC_0121_k121_32260426	326	441	+	5S
OWC_2469	OWC_2469_k121_1263844	3307	4853	+	16S
OWC_2469	OWC_2469_k121_8568467	454	570	+	5S
OWC_0498	OWC_0498_k121_4267404	2429	2545	-	5S
OWC_1504	OWC_1504_k121_3239986	3435	3551	-	5S
OWC_0255	OWC_0255_k121_11639880	1612	1731	+	5S
OWC_1748	OWC_1748_k121_19188709	9544	9653	-	(5' truncated) 5S
OWC_2215	OWC_2215_k121_26371	2818	2932	-	5S
OWC_1910	OWC_1910_k121_23175134	9070	9186	-	5S
OWC_2144	OWC_2144_k121_12422517	3809	3922	-	5S
OWC_2177	OWC_2177_k121_23394804	239	352	+	5S
OWC_1391	OWC_1391_k121_31290711	183	299	+	5S
OWC_2037	OWC_2037_k121_26423368	87	199	+	5S
OWC_2241	OWC_2241_k121_10222096	3489	3969	+	(partial) 16S
OWC_2320	OWC_2320_k121_3569931	1	1152	-	(partial) 16S
OWC_2320	OWC_2320_k121_12261878	511	625	+	5S
OWC_0274	OWC_0274_scaffold_10742	2051	2170	-	5S
OWC_0214	OWC_0214_k121_2683991	844	963	+	5S
OWC_0797	OWC_0797_k121_59889140	27062	27178	-	5S
OWC_2267	OWC_2267_k121_10085657	334	2713	+	(3' truncated) 23S
OWC_1979	OWC_1979_k121_1363028	456	570	+	5S
OWC_2415	OWC_2415_k121_18727600	474	584	+	5S
OWC_2328	OWC_2328_k121_21703852	267	382	+	5S
OWC_1643	OWC_1643_k121_63813333	14696	14812	-	5S
OWC_0648	OWC_0648_k121_4829205	3843	3928	-	(partial) 5S
OWC_0837	OWC_0837_k121_47827519	364	480	+	5S
OWC_1864	OWC_1864_k121_3813876	16506	17186	-	(partial) 16S
OWC_1864	OWC_1864_k121_42889195	1567	1686	-	5S
OWC_1416	OWC_1416_k121_3372348	4841	4957	-	5S
OWC_0250	OWC_0250_k121_7929233	1803	1922	-	5S
OWC_1866	OWC_1866_k121_44333495	31535	32512	+	(partial) 16S
OWC_1866	OWC_1866_k121_50612746	1	120	-	5S
OWC_2206	OWC_2206_k121_1787664	6386	6498	-	(5' truncated) 5S
OWC_0276	OWC_0276_scaffold_54760	2749	2868	-	5S
OWC_0513	OWC_0513_scaffold_1118	15771	15887	-	5S
OWC_0998	OWC_0998_scaffold_2222	360	3983	+	23S
OWC_0998	OWC_0998_scaffold_53092	2633	2750	-	5S
OWC_2192	OWC_2192_scaffold_24_c1	72067	72179	-	5S
OWC_0774	OWC_0774_k121_15765053	12037	12143	-	(5' truncated) 5S
OWC_1473	OWC_1473_k121_57758095	744	860	+	5S
OWC_0305	OWC_0305_scaffold05535	3291	3410	-	5S
OWC_2421	OWC_2421_k121_39435924	7983	8099	+	5S
OWC_2421	OWC_2421_k121_6978841	18236	18982	+	(partial) 16S
OWC_1034	OWC_1034_k121_24791192	1780	1896	+	5S
OWC_1313	OWC_1313_scaffold_1992	345	1911	-	16S
OWC_2096	OWC_2096_scaffold_766	286	400	+	5S
OWC_0842	OWC_0842_k121_5408861	563	680	+	5S
OWC_1306	OWC_1306_scaffold_5024	1	2173	+	(partial) 23S
OWC_1306	OWC_1306_scaffold_5024	2217	2333	+	5S
OWC_1558	OWC_1558_scaffold30631	3763	4670	+	(partial) 16S
OWC_1558	OWC_1558_scaffold34330	2906	3022	-	5S
OWC_1558	OWC_1558_scaffold34330	3397	4446	-	(partial) 23S
OWC_0744	OWC_0744_scaffold06782	7264	7374	-	5S
OWC_2355	OWC_2355_scaffold_25921	3460	3575	-	5S
OWC_0317	OWC_0317_k121_8730339	7483	8543	+	(partial) 16S
OWC_1587	OWC_1587_k121_18689333	319	435	+	5S
OWC_2362	OWC_2362_k121_1812593	53	168	+	5S
OWC_0833	OWC_0833_scaffold11510	8057	8173	-	5S
OWC_0369	OWC_0369_scaffold35449	588	704	+	5S
OWC_0929	OWC_0929_k121_3984510	80	195	+	5S
OWC_1255	OWC_1255_scaffold_70116	2588	2701	-	5S
OWC_1369	OWC_1369_scaffold_51	75	1639	-	16S
OWC_1369	OWC_1369_scaffold_794	536	652	+	5S
OWC_1024	OWC_1024_k121_14981028	1	107	+	(5' truncated) 5S
OWC_0727	OWC_0727_k121_22085035	4513	4621	-	5S
OWC_0249	OWC_0249_k121_9083345	77	196	+	5S
OWC_0146	OWC_0146_k121_1994998	1	530	-	(partial) 16S
OWC_0925	OWC_0925_k121_7300714	9038	9154	-	5S
OWC_1349	OWC_1349_k121_24801382	6	121	+	5S
OWC_2424	OWC_2424_k121_57457901	5467	5965	-	(partial) 16S
OWC_2424	OWC_2424_k121_77380015	4376	4492	-	5S
OWC_0814	OWC_0814_k121_192641	7380	7902	+	(partial) 16S
OWC_0814	OWC_0814_k121_2672994	4024	4140	-	5S
OWC_2369	OWC_2369_scaffold_8856	1	2491	-	(3' truncated) 23S
OWC_2400	OWC_2400_scaffold01543	21033	21141	-	(5' truncated) 5S
OWC_2400	OWC_2400_scaffold57658	3895	4003	-	(5' truncated) 5S
OWC_2417	OWC_2417_k121_7842771	6609	6725	-	5S
OWC_2417	OWC_2417_k121_19329055	20828	20944	-	5S
OWC_0688	OWC_0688_k121_10004793	501	617	+	5S
OWC_2384	OWC_2384_k121_9926689	5862	5976	-	5S
OWC_0239	OWC_0239_k121_4170760	3529	3648	+	5S
OWC_1915	OWC_1915_k121_2202358	2549	3613	+	(partial) 16S
OWC_2416	OWC_2416_scaffold_170	1	93	+	(partial) 5S
OWC_2416	OWC_2416_scaffold_20	306200	306292	-	(partial) 5S
OWC_0905	OWC_0905_k121_1136216	7986	8102	-	5S
OWC_0364	OWC_0364_k121_3567988	8407	8523	-	5S
OWC_0319	OWC_0319_scaffold_183	48705	48817	-	5S
OWC_0319	OWC_0319_scaffold_183	50244	50360	-	5S
OWC_0319	OWC_0319_scaffold_183	51732	51848	-	5S
OWC_0319	OWC_0319_scaffold_0	1135	2669	-	16S
OWC_1926	OWC_1926_k121_7291193	12522	12636	-	5S
OWC_0119	OWC_0119_k121_2577159	2333	2446	+	5S
OWC_1344	OWC_1344_scaffold_12408	2887	3003	-	5S
OWC_1266	OWC_1266_k121_1539956	1	670	-	(partial) 16S
OWC_1650	OWC_1650_scaffold00900	1	1768	-	(partial) 23S
OWC_1650	OWC_1650_scaffold00900	2378	3926	-	16S
OWC_1650	OWC_1650_scaffold01314	12080	12196	-	5S
OWC_1650	OWC_1650_scaffold01314	12458	14036	-	(partial) 23S
OWC_2191	OWC_2191_scaffold_7028	3860	3974	-	5S
OWC_1506	OWC_1506_scaffold_29841	2923	3039	-	5S
OWC_0434	OWC_0434_k121_52282745	2280	2391	-	5S
OWC_2372	OWC_2372_k121_6305803	4846	4961	-	5S
OWC_0554	OWC_0554_k121_50555257	7070	7785	+	(partial) 16S
OWC_0554	OWC_0554_k121_46523236	420	536	+	5S
OWC_1523	OWC_1523_k121_23128437	4101	4217	-	5S
OWC_2448	OWC_2448_k121_42508974	5682	5797	-	5S
OWC_0213	OWC_0213_scaffold08048	5854	5974	+	5S
OWC_0106	OWC_0106_k121_6193406	4060	5545	+	16S
OWC_0232	OWC_0232_k121_1510105	7154	7275	-	5S
OWC_1908	OWC_1908_k121_55246959	386	497	+	5S
OWC_0285	OWC_0285_k121_4306817	2411	2530	-	5S
OWC_0846	OWC_0846_k121_13268519	1	106	+	(5' truncated) 5S
OWC_1287	OWC_1287_scaffold_446	445	561	+	5S
OWC_0343	OWC_0343_k121_2442878	6460	6576	-	5S
OWC_1032	OWC_1032_scaffold_2008	3928	5434	-	16S
OWC_1032	OWC_1032_scaffold_5290	9800	10789	-	(partial) 23S
OWC_0741	OWC_0741_scaffold_9149	349	457	+	5S
OWC_1223	OWC_1223_k121_5340875	1	99	+	(5' truncated) 5S
OWC_0788	OWC_0788_k121_3299396	2156	2272	-	5S
OWC_0788	OWC_0788_k121_7555552	666	782	+	5S
OWC_1695	OWC_1695_scaffold03774	8672	8787	-	5S
OWC_1695	OWC_1695_scaffold08814	5440	6921	+	(3' truncated) 16S
OWC_0757	OWC_0757_scaffold_16731	3302	3959	+	(partial) 16S
OWC_0210	OWC_0210_k121_8451795	13	133	+	5S
OWC_0210	OWC_0210_k121_2833673	1	109	-	(3' truncated) 5S
OWC_1690	OWC_1690_scaffold_670	1	1450	-	(3' truncated) 16S
OWC_1690	OWC_1690_scaffold_1552	1	1006	+	(partial) 23S
OWC_1690	OWC_1690_scaffold_1552	1113	1229	+	5S
OWC_0413	OWC_0413_scaffold_1720	388	504	+	5S
OWC_1225	OWC_1225_scaffold_2042	6198	6784	+	(partial) 16S
OWC_0126	OWC_0126_scaffold_33	64617	66185	-	16S
OWC_0126	OWC_0126_scaffold_965	14559	14677	+	5S
OWC_1867	OWC_1867_k121_8747525	183	302	-	5S
OWC_1474	OWC_1474_k121_15124739	61808	61920	-	(5' truncated) 5S
OWC_1292	OWC_1292_k121_618251	1	2596	-	23S
OWC_1175	OWC_1175_k121_4565013	304	420	+	5S
OWC_0275	OWC_0275_scaffold_4088	4069	4188	-	5S
OWC_1839	OWC_1839_k121_38067350	1	643	-	(partial) 16S
OWC_1839	OWC_1839_k121_14558147	1	101	+	(5' truncated) 5S
OWC_2498	OWC_2498_k121_19398104	11398	11514	-	5S
OWC_2498	OWC_2498_k121_25913459	1	79	+	(partial) 5S
OWC_1358	OWC_1358_k121_14623018	1	1039	-	(partial) 23S
OWC_0306	OWC_0306_k121_6688594	2686	2805	+	5S
OWC_1854	OWC_1854_k121_23858148	9941	10049	-	5S
OWC_1900	OWC_1900_k121_18914425	512	619	+	5S
OWC_0712	OWC_0712_k121_66025971	3227	3332	-	(5' truncated) 5S
OWC_1574	OWC_1574_scaffold_4597	208	324	-	5S
OWC_1574	OWC_1574_scaffold_4597	377	3474	-	23S
OWC_1574	OWC_1574_scaffold_4597	3646	5138	-	(5' truncated) 16S
OWC_1132	OWC_1132_k121_7469695	607	2668	+	(partial) 23S
OWC_0714	OWC_0714_k121_404807	1	87	+	(partial) 5S
OWC_1327	OWC_1327_k121_41295520	322	438	+	5S
OWC_1572	OWC_1572_k121_1961181	2796	2912	-	5S
OWC_0987	OWC_0987_k121_66327691	50	167	-	5S
OWC_0134	OWC_0134_scaffold_9295	3780	3893	-	5S
OWC_1076	OWC_1076_k121_5975331	8275	8391	-	5S
OWC_1337	OWC_1337_scaffold_4574	6463	6609	-	5S
OWC_1720	OWC_1720_scaffold_24170	438	555	+	5S
OWC_0805	OWC_0805_k121_6472267	1	110	+	(5' truncated) 5S
OWC_2001	OWC_2001_k121_4562075	3	115	+	5S
OWC_0410	OWC_0410_k121_15266728	176	292	+	5S
OWC_0197	OWC_0197_k121_10150350	55957	56076	+	5S
OWC_0197	OWC_0197_k121_5671897	34	1508	-	16S
OWC_1296	OWC_1296_k121_14693062	153	269	+	5S
OWC_1438	OWC_1438_k121_50541390	425	541	+	5S
OWC_1384	OWC_1384_k121_3534614	1	90	+	(partial) 5S
OWC_2065	OWC_2065_k121_12948397	10095	10196	-	(5' truncated) 5S
OWC_2065	OWC_2065_k121_13111193	1	112	+	(5' truncated) 5S
OWC_0173	OWC_0173_k121_27247582	907	1028	-	5S
OWC_0173	OWC_0173_k121_27247582	4282	4403	-	5S
OWC_1410	OWC_1410_k121_8656715	7242	7358	-	5S
OWC_1049	OWC_1049_scaffold_6987	3549	3666	+	5S
OWC_1537	OWC_1537_k121_42553965	10195	10311	-	5S
OWC_0253	OWC_0253_scaffold_868	2527	2646	-	5S
OWC_0294	OWC_0294_scaffold_4943	5400	5496	+	5S
OWC_0743	OWC_0743_scaffold00635	223	331	+	5S
OWC_2161	OWC_2161_scaffold_29440	1	99	+	(5' truncated) 5S
OWC_1554	OWC_1554_k121_2365900	587	703	+	5S
OWC_2433	OWC_2433_k121_5925232	1	1448	-	(3' truncated) 16S
OWC_2433	OWC_2433_k121_2384072	3503	3617	-	5S
OWC_1716	OWC_1716_k121_18916132	1814	1930	-	5S
OWC_2019	OWC_2019_scaffold_10829	383	497	+	5S
OWC_2078	OWC_2078_k121_4092404	301	415	+	5S
OWC_2078	OWC_2078_k121_1572155	3582	3696	-	5S
OWC_0127	OWC_0127_k121_219349	135	254	+	5S
OWC_0205	OWC_0205_k121_4912587	1	94	-	(partial) 5S
OWC_1030	OWC_1030_k121_53585210	1	1913	-	(partial) 23S
OWC_0174	OWC_0174_k121_10997364	10065	10186	-	5S
OWC_1702	OWC_1702_k121_2154923	12595	12711	-	5S
OWC_0307	OWC_0307_k121_191390	1205	1324	+	5S
OWC_1891	OWC_1891_scaffold24887	795	903	+	5S
OWC_0124	OWC_0124_k121_4428038	675	2132	-	16S
OWC_1259	OWC_1259_k121_4036295	6029	6145	-	5S
OWC_0141	OWC_0141_scaffold00109	60179	60293	+	5S
OWC_0204	OWC_0204_k121_10417461	4276	4383	+	(3' truncated) 5S
OWC_0018	OWC_0018_k121_4708168	1	117	+	(5' truncated) 5S
OWC_0155	OWC_0155_k121_277302	284	400	+	5S
OWC_1692	OWC_1692_k121_6357537	4366	4481	-	5S
OWC_1791	OWC_1791_k121_1080800	5	121	+	5S
OWC_0900	OWC_0900_k121_5251231	29	145	+	5S
OWC_1247	OWC_1247_k121_4071447	302	418	+	5S
OWC_0333	OWC_0333_k121_6489651	124578	124694	-	5S
OWC_1289	OWC_1289_k121_7138304	3669	3785	-	5S
OWC_2014	OWC_2014_scaffold_6556	245	361	+	5S
OWC_0140	OWC_0140_k121_3353424	13349	13463	+	5S
OWC_1507	OWC_1507_scaffold_29885	3366	3482	-	5S
OWC_1662	OWC_1662_k121_9955807	462	578	+	5S
OWC_1662	OWC_1662_k121_8759059	6082	6198	-	5S
OWC_1693	OWC_1693_k121_4382340	599	715	+	5S
OWC_0339	OWC_0339_scaffold_15321	1	1965	-	(partial) 23S
OWC_0339	OWC_0339_scaffold_15321	2157	3728	-	16S
OWC_0339	OWC_0339_scaffold_122700	1	981	-	(partial) 16S
OWC_1698	OWC_1698_k121_8887154	1	1020	-	(partial) 16S
OWC_0771	OWC_0771_scaffold_886	95	1618	+	16S
OWC_0771	OWC_0771_scaffold_886	2236	5118	+	23S
OWC_0771	OWC_0771_scaffold_886	5270	5383	+	5S
OWC_1544	OWC_1544_k121_5859847	585	701	+	5S
OWC_1544	OWC_1544_k121_2716499	1	612	-	(partial) 16S
OWC_0705	OWC_0705_scaffold_151	267	368	+	5S
OWC_1714	OWC_1714_k121_11288336	2986	3102	+	5S
OWC_0309	OWC_0309_k121_147429	1167	1286	-	5S
OWC_0172	OWC_0172_k121_4815982	8777	8898	+	5S
OWC_0172	OWC_0172_k121_11438138	5561	6044	+	(partial) 16S
OWC_2018	OWC_2018_scaffold_2869	286	400	+	5S
OWC_2196	OWC_2196_k121_11139778	4890	5004	-	5S
OWC_0291	OWC_0291_scaffold03415	6143	6262	-	5S
OWC_1471	OWC_1471_k121_50828707	1	669	+	(partial) 16S
OWC_1471	OWC_1471_k121_50828707	944	2654	+	(partial) 23S
OWC_1187	OWC_1187_scaffold_3972	1116	1232	+	5S
OWC_0184	OWC_0184_k121_15672025	7426	7533	+	(3' truncated) 5S
OWC_0439	OWC_0439_k121_8802599	298	414	+	5S
OWC_1271	OWC_1271_k121_21936187	3909	4025	-	5S
OWC_0659	OWC_0659_k121_6744945	25575	25691	-	5S
OWC_1443	OWC_1443_k121_21835842	4054	4179	-	5S
OWC_2135	OWC_2135_k121_629180	18412	18522	-	(5' truncated) 5S
OWC_2117	OWC_2117_k121_4392886	4	117	+	5S
OWC_1659	OWC_1659_k121_32613624	261	377	+	5S
OWC_1084	OWC_1084_k121_15991437	359	475	+	5S
OWC_1907	OWC_1907_k121_25533520	5462	5569	-	5S
OWC_0988	OWC_0988_scaffold_53033	1	1514	-	(partial) 23S
OWC_0902	OWC_0902_k121_1077426	364	480	+	5S
OWC_0296	OWC_0296_k121_6585727	2837	2956	-	5S
OWC_0200	OWC_0200_scaffold_23583	2614	2734	+	5S
OWC_1014	OWC_1014_k121_11002281	4601	4718	-	5S
OWC_1441	OWC_1441_k121_14739558	54279	54389	-	(5' truncated) 5S
OWC_2379	OWC_2379_k121_54535185	436	551	+	5S
OWC_0218	OWC_0218_scaffold04717	8829	8948	-	5S
OWC_1279	OWC_1279_scaffold_44564	2507	2623	-	5S
OWC_1778	OWC_1778_scaffold_9105	306	422	+	5S
OWC_0156	OWC_0156_k121_6675444	4504	4624	-	5S
OWC_2003	OWC_2003_k121_113137	5126	5238	-	5S
OWC_2280	OWC_2280_scaffold_24876	4119	4232	-	5S
OWC_1489	OWC_1489_scaffold04404	12094	12980	+	(partial) 16S
OWC_0065	OWC_0065_k121_4507006	407	528	+	5S
OWC_0890	OWC_0890_k121_6012874	1	485	-	(partial) 16S
OWC_0262	OWC_0262_k121_4939738	1622	1741	-	5S
OWC_1479	OWC_1479_k121_3274905	2251	2367	-	5S
OWC_1479	OWC_1479_k121_15711032	353	469	+	5S
OWC_0237	OWC_0237_k121_13800795	3782	3901	-	5S
OWC_1835	OWC_1835_k121_6134973	2653	2769	-	5S
OWC_0264	OWC_0264_k121_3477911	9114	9210	+	(3' truncated) 5S
OWC_2366	OWC_2366_k121_726970	3564	3679	-	5S
OWC_1848	OWC_1848_k121_1476410	330	440	+	5S
OWC_1067	OWC_1067_k121_23039952	10436	10552	+	5S
OWC_0796	OWC_0796_k121_5175358	459	575	+	5S
OWC_1010	OWC_1010_k121_2650756	419	536	+	5S
OWC_1699	OWC_1699_k121_597085	12518	12634	-	5S
OWC_1699	OWC_1699_k121_1408295	3224	4647	+	(3' truncated) 16S
OWC_1699	OWC_1699_k121_2519893	464	580	+	5S
OWC_0411	OWC_0411_k121_2923238	4925	5041	-	5S
OWC_0858	OWC_0858_k121_3507126	14942	15058	-	5S
OWC_1833	OWC_1833_k121_7877703	1246	2722	-	16S
OWC_0886	OWC_0886_scaffold28358	221	337	+	5S
OWC_0365	OWC_0365_k121_9070097	1	108	+	(5' truncated) 5S
OWC_0365	OWC_0365_k121_6334858	1	860	-	(partial) 16S
OWC_0219	OWC_0219_scaffold74199	633	752	+	5S
OWC_0801	OWC_0801_k121_4385834	296	412	+	5S
OWC_1250	OWC_1250_k121_4803403	45	161	+	5S
OWC_1439	OWC_1439_k121_548859	11959	12075	-	5S
OWC_1679	OWC_1679_k121_52588630	1	620	-	(partial) 16S
OWC_1679	OWC_1679_k121_7813728	11856	11972	-	5S
OWC_0572	OWC_0572_k121_57600752	259	375	+	5S
OWC_1070	OWC_1070_k121_12714297	2070	2186	+	5S
OWC_1243	OWC_1243_k121_75570563	4695	4811	-	5S
OWC_1371	OWC_1371_scaffold_27777	47	163	+	5S
OWC_0603	OWC_0603_scaffold_50343	678	794	+	5S
OWC_1314	OWC_1314_k121_46235138	1598	3357	+	16S
OWC_0896	OWC_0896_k121_12576655	237	353	+	5S
OWC_2173	OWC_2173_k121_2231488	3	116	+	5S
OWC_1717	OWC_1717_k121_27243956	1	472	-	(partial) 16S
OWC_0834	OWC_0834_k121_7131775	488	604	+	5S
OWC_1535	OWC_1535_k121_2949763	513	629	+	5S
OWC_1353	OWC_1353_k121_443111	1902	2018	-	5S
OWC_1229	OWC_1229_scaffold_2204	583	3535	+	23S
OWC_1229	OWC_1229_scaffold_2204	3594	3710	+	5S
OWC_2168	OWC_2168_scaffold_26716	2237	2350	-	5S
OWC_0793	OWC_0793_k121_57835291	13693	13809	-	5S
OWC_2156	OWC_2156_scaffold_2255	174	1720	+	16S
OWC_2156	OWC_2156_scaffold_2255	2317	4384	+	(partial) 23S
OWC_1051	OWC_1051_scaffold_8649	1188	2675	-	16S
OWC_1051	OWC_1051_scaffold_107579	1379	1496	+	5S
OWC_0152	OWC_0152_k121_9669963	12533	12652	-	5S
OWC_2171	OWC_2171_scaffold_10288	339	452	+	5S
OWC_2171	OWC_2171_scaffold_17921	1	909	+	(partial) 23S
OWC_2171	OWC_2171_scaffold_17921	975	1091	+	5S
OWC_2405	OWC_2405_k121_8301591	37504	37616	-	(5' truncated) 5S
OWC_2405	OWC_2405_k121_26419525	1	113	+	(5' truncated) 5S
OWC_1876	OWC_1876_k121_75559370	17721	17828	-	5S
OWC_1876	OWC_1876_k121_39514323	11898	12492	-	(partial) 16S
OWC_1481	OWC_1481_k121_22346098	4066	4182	-	5S
OWC_0066	OWC_0066_k121_25369827	103	224	+	5S
OWC_1047	OWC_1047_k121_22284090	5806	5922	-	5S
OWC_1511	OWC_1511_k121_11651432	2308	2783	+	(partial) 16S
OWC_0351	OWC_0351_k121_11589012	439	555	+	5S
OWC_1750	OWC_1750_scaffold_12584	1	902	+	(partial) 23S
OWC_1750	OWC_1750_scaffold_12584	986	1101	+	5S
OWC_1374	OWC_1374_scaffold_29320	289	407	+	5S
OWC_1462	OWC_1462_k121_8361259	2788	2904	+	5S
OWC_0670	OWC_0670_k121_51600031	229	345	+	5S
OWC_0185	OWC_0185_k121_30396723	2887	2997	+	(3' truncated) 5S
OWC_0315	OWC_0315_k121_545870	2641	2760	+	5S
OWC_0789	OWC_0789_k121_23599263	4367	4483	-	5S
OWC_1580	OWC_1580_k121_1527296	3922	4038	-	5S
OWC_1378	OWC_1378_k121_1734047	1	86	+	(partial) 5S
OWC_1012	OWC_1012_k121_8154183	2441	3184	+	(partial) 16S
OWC_1012	OWC_1012_k121_5228976	422	539	+	5S
OWC_1429	OWC_1429_k121_7674354	3604	3720	-	5S
OWC_0100	OWC_0100_k121_9050307	1	1016	-	(partial) 16S
OWC_1809	OWC_1809_k121_1858199	1088	1204	+	5S
OWC_1665	OWC_1665_k121_37534999	2667	2783	-	5S
OWC_0860	OWC_0860_k121_14391041	190	306	+	5S
OWC_0424	OWC_0424_k121_8997188	3233	3349	-	5S
OWC_0601	OWC_0601_scaffold_871	1	78	+	(partial) 5S
OWC_0601	OWC_0601_scaffold_32494	322	435	+	5S
OWC_0256	OWC_0256_k121_7351561	4545	4658	+	(3' truncated) 5S
OWC_0256	OWC_0256_k121_16082564	1	116	+	(5' truncated) 5S
OWC_1966	OWC_1966_k121_2922633	230	344	+	5S
OWC_1810	OWC_1810_k121_23829025	501	617	+	5S
OWC_2124	OWC_2124_k121_7315177	216	330	+	5S
OWC_1121	OWC_1121_k121_21289698	7	122	+	5S
OWC_0130	OWC_0130_scaffold03674	11402	14076	+	(3' truncated) 23S
OWC_0130	OWC_0130_scaffold04912	11591	12380	+	(partial) 16S
OWC_0130	OWC_0130_scaffold09312	6918	7037	+	5S
OWC_1875	OWC_1875_k121_5109357	468	575	+	5S
OWC_1875	OWC_1875_k121_3368658	1	2651	-	(3' truncated) 23S
OWC_0920	OWC_0920_scaffold42247	1	508	-	(partial) 16S
OWC_0466	OWC_0466_k121_6278973	401	517	+	5S
OWC_2183	OWC_2183_scaffold43963	6	120	+	5S
OWC_2183	OWC_2183_scaffold76322	2695	2809	-	5S
OWC_0537	OWC_0537_scaffold_41305	1	897	+	(partial) 23S
OWC_0537	OWC_0537_scaffold_41305	1326	1451	+	5S
OWC_0075	OWC_0075_scaffold_196810	1	1111	-	(partial) 16S
OWC_1649	OWC_1649_k121_5438071	4919	5035	-	5S
OWC_2009	OWC_2009_scaffold_22285	2797	2909	-	5S
OWC_0150	OWC_0150_k121_8829428	5862	5981	-	5S
OWC_1683	OWC_1683_k121_51679937	85830	85946	-	5S
OWC_0069	OWC_0069_scaffold_18716	5554	5664	-	(5' truncated) 5S
OWC_1547	OWC_1547_k121_270559	10351	11321	+	(partial) 16S
OWC_1452	OWC_1452_k121_16298912	2819	2935	-	5S
OWC_2356	OWC_2356_scaffold_92	211	326	+	5S
OWC_1882	OWC_1882_k121_25171114	4438	4544	-	5S
OWC_0685	OWC_0685_k121_25075466	466	581	+	5S
OWC_1612	OWC_1612_k121_1140206	6176	6292	-	5S
OWC_1449	OWC_1449_k121_16143490	457	573	+	5S
OWC_0610	OWC_0610_k121_7644575	332	448	+	5S
OWC_2237	OWC_2237_k121_4369503	2648	2758	-	(5' truncated) 5S
OWC_0265	OWC_0265_k121_25870643	1	510	+	(partial) 16S
OWC_1841	OWC_1841_k121_21963981	1941	2507	+	(partial) 16S
OWC_0995	OWC_0995_k121_53906409	280	397	+	5S
OWC_0995	OWC_0995_k121_4984638	534	651	+	5S
OWC_1007	OWC_1007_k121_55103530	339	456	+	5S
OWC_1458	OWC_1458_k121_13825636	707	822	+	5S
OWC_0013	OWC_0013_k121_51244445	4020	4140	-	5S
OWC_0061	OWC_0061_k121_1720661	48	169	+	5S
OWC_0312	OWC_0312_k121_12555996	7294	7413	+	5S
OWC_2204	OWC_2204_k121_7089081	4	118	+	5S
OWC_1585	OWC_1585_k121_17111809	765	881	+	5S
OWC_1889	OWC_1889_k121_11959185	450	557	+	5S
OWC_2172	OWC_2172_k121_376071	5373	5486	-	5S
OWC_0471	OWC_0471_scaffold39323	1	1025	+	(partial) 23S
OWC_0471	OWC_0471_scaffold39323	1099	1215	+	5S
OWC_2428	OWC_2428_k121_12137787	3491	3608	-	5S
OWC_2428	OWC_2428_k121_11536959	2191	2307	-	5S
OWC_2444	OWC_2444_k121_1047231	5262	5377	-	5S
OWC_1434	OWC_1434_k121_38939222	402	518	+	5S
OWC_1996	OWC_1996_k121_14331571	12930	13045	-	5S
OWC_2012	OWC_2012_k121_1101380	2709	2821	-	5S
OWC_1645	OWC_1645_k121_55261446	69467	69583	-	5S
OWC_0449	OWC_0449_scaffold_24560	376	492	+	5S
OWC_0831	OWC_0831_k121_1087498	1	93	+	(partial) 5S
OWC_0429	OWC_0429_k121_13595868	1	574	-	(partial) 16S
OWC_2313	OWC_2313_scaffold_4383	230	1642	+	16S
OWC_2313	OWC_2313_scaffold_4383	2068	3896	+	(partial) 23S
OWC_2035	OWC_2035_k121_19618349	5	118	+	5S
OWC_1459	OWC_1459_k121_26832253	487	603	+	5S
OWC_0768	OWC_0768_k121_12115467	1	91	+	(partial) 5S
OWC_0768	OWC_0768_k121_23618454	7683	7773	-	(partial) 5S
OWC_0012	OWC_0012_k121_25353405	1743	1863	-	5S
OWC_0694	OWC_0694_k121_5840677	183	299	+	5S
OWC_1372	OWC_1372_scaffold_20329	502	618	+	5S
OWC_2154	OWC_2154_k121_777853	487919	488031	-	5S
OWC_2154	OWC_2154_k121_777853	488137	491028	-	23S
OWC_0696	OWC_0696_k121_12535445	11150	11266	-	5S
OWC_0500	OWC_0500_k121_18016264	4736	4852	-	5S
OWC_0844	OWC_0844_k121_4109417	312	429	+	5S
OWC_1198	OWC_1198_k121_55862807	2751	2853	-	(5' truncated) 5S
OWC_0497	OWC_0497_k121_3283771	5534	5650	-	5S
OWC_0564	OWC_0564_scaffold_34178	2169	3032	+	(partial) 16S
OWC_0198	OWC_0198_k121_18497253	1	770	-	(partial) 16S
OWC_0198	OWC_0198_k121_24113133	3048	3166	+	5S
OWC_0198	OWC_0198_k121_24193876	4459	7719	+	(3' truncated) 23S
OWC_0550	OWC_0550_k121_25251512	259	375	+	5S
OWC_0064	OWC_0064_k121_437938	4191	4312	-	5S
OWC_1016	OWC_1016_k121_9461473	29115	29232	-	5S
OWC_0440	OWC_0440_k121_31372624	413	529	+	5S
OWC_1432	OWC_1432_k121_26596243	469	585	+	5S
OWC_2145	OWC_2145_scaffold14988	8	121	+	5S
OWC_2145	OWC_2145_scaffold48619	8	121	+	5S
OWC_1621	OWC_1621_k121_34549129	8949	9061	-	(5' truncated) 5S
OWC_0302	OWC_0302_k121_46259051	4374	4494	-	5S
OWC_1524	OWC_1524_k121_61402158	393	509	+	5S
OWC_0387	OWC_0387_k121_17792097	5209	5325	-	5S
OWC_0144	OWC_0144_k121_663219	5930	7498	+	(partial) 23S
OWC_0144	OWC_0144_k121_6182917	3996	5497	+	16S
OWC_0188	OWC_0188_scaffold100367	2021	2140	-	5S
OWC_0548	OWC_0548_k121_3262784	52109	52225	-	5S
OWC_0259	OWC_0259_k121_70707989	3709	3827	+	5S
OWC_0259	OWC_0259_k121_8027775	2752	2868	-	(5' truncated) 5S
OWC_1970	OWC_1970_k121_886736	6812	6926	-	5S
OWC_1651	OWC_1651_k121_11329399	1	85	+	(partial) 5S
OWC_1584	OWC_1584_scaffold137891	89	205	+	5S
OWC_0311	OWC_0311_k121_1035031	14922	15037	-	(5' truncated) 5S
OWC_0311	OWC_0311_k121_13046557	15655	15763	+	(3' truncated) 5S
OWC_1901	OWC_1901_k121_18276870	32909	33016	-	5S
OWC_2010	OWC_2010_scaffold_35611	1	95	+	(partial) 5S
OWC_1675	OWC_1675_k121_9271824	1	966	-	(partial) 16S
OWC_1675	OWC_1675_k121_5389050	713	829	+	5S
OWC_0640	OWC_0640_k121_9638239	3863	3979	-	5S
OWC_1207	OWC_1207_k121_2775657	3611	3722	-	(5' truncated) 5S
OWC_0982	OWC_0982_k121_20434606	4740	4857	+	5S
OWC_2205	OWC_2205_k121_240894	4	118	+	5S
OWC_1977	OWC_1977_k121_6118584	297	1818	-	16S
OWC_1977	OWC_1977_k121_12992385	8660	11407	+	23S
OWC_1977	OWC_1977_k121_12992385	11526	11640	+	5S
OWC_2262	OWC_2262_k121_2242812	4070	4170	-	(5' truncated) 5S
OWC_2408	OWC_2408_k121_677017	68	181	+	5S
OWC_0728	OWC_0728_k121_60822493	355	463	+	5S
OWC_0728	OWC_0728_k121_36722230	2412	2520	-	5S
OWC_0167	OWC_0167_k121_3907468	2782	2903	-	5S
OWC_2174	OWC_2174_scaffold_11239	17	130	+	5S
OWC_2483	OWC_2483_k121_47434872	1	830	-	(partial) 16S
OWC_1446	OWC_1446_k121_7609113	2151	2267	-	5S
OWC_0350	OWC_0350_k121_5669787	466	582	+	5S
OWC_0017	OWC_0017_k121_3881887	2204	2325	-	5S
OWC_1073	OWC_1073_scaffold47338	3743	3857	-	(5' truncated) 5S
OWC_0865	OWC_0865_k121_3107402	1	93	+	(partial) 5S
OWC_0252	OWC_0252_k121_7322087	2146	2265	+	5S
OWC_1390	OWC_1390_k121_6973860	1189	2604	+	(3' truncated) 16S
OWC_1390	OWC_1390_k121_26962671	5765	5881	-	5S
OWC_1390	OWC_1390_k121_40209785	3833	4458	+	(partial) 16S
OWC_2109	OWC_2109_k121_14330124	8	121	+	5S
OWC_1354	OWC_1354_k121_2845964	3318	3434	-	5S
OWC_1354	OWC_1354_k121_5181856	3185	3970	+	(partial) 16S
OWC_2188	OWC_2188_k121_13372404	2736	2849	-	5S
OWC_0057	OWC_0057_scaffold00507	35931	36052	-	5S
OWC_2162	OWC_2162_k121_9663182	8	121	+	5S
OWC_2162	OWC_2162_k121_7189263	8	121	+	5S
OWC_0300	OWC_0300_k121_20122249	1	118	+	(5' truncated) 5S
OWC_0195	OWC_0195_k121_44230533	1160	1280	+	5S
OWC_1245	OWC_1245_scaffold_31665	3898	3993	-	(5' truncated) 5S
OWC_1968	OWC_1968_k121_4049503	1	94	+	(partial) 5S
OWC_2345	OWC_2345_scaffold_11200	221	336	+	5S
OWC_0854	OWC_0854_scaffold01070	23624	25171	+	16S
OWC_0854	OWC_0854_scaffold01864	18773	18887	-	5S
OWC_2160	OWC_2160_k121_9906475	2413	2526	-	5S
OWC_2160	OWC_2160_k121_5152695	8	121	+	5S
OWC_0560	OWC_0560_k121_5564004	4642	4758	-	5S
OWC_0560	OWC_0560_k121_4120354	1	750	-	(partial) 16S
OWC_0035	OWC_0035_k121_25068546	3803	3924	-	5S
OWC_0001	OWC_0001_k121_58681618	1634	1755	-	5S
OWC_2189	OWC_2189_scaffold_17480	437	551	+	5S
OWC_1497	OWC_1497_k121_8058208	1	838	-	(partial) 16S
OWC_0636	OWC_0636_k121_2288193	8463	8579	-	5S
OWC_0836	OWC_0836_k121_4029019	330	446	+	5S
OWC_0984	OWC_0984_k121_42964540	1	550	-	(partial) 16S
OWC_0984	OWC_0984_k121_53011440	311	428	+	5S
OWC_0293	OWC_0293_scaffold_5911	4518	4637	+	5S
OWC_1905	OWC_1905_scaffold00517	8546	8653	-	5S
OWC_1905	OWC_1905_scaffold00517	8820	11751	-	23S
OWC_1905	OWC_1905_scaffold00668	1	510	-	(partial) 16S
OWC_1905	OWC_1905_scaffold13186	1	1201	+	(partial) 16S
OWC_0457	OWC_0457_k121_14536794	7163	7279	-	5S
OWC_1311	OWC_1311_scaffold_13118	390	506	+	5S
OWC_1038	OWC_1038_k121_5679087	1464	1580	+	5S
OWC_2418	OWC_2418_k121_8371198	6545	6661	+	5S
OWC_2418	OWC_2418_k121_8371198	6765	6881	+	5S
OWC_1081	OWC_1081_k121_15657428	345	461	+	5S
OWC_0845	OWC_0845_k121_10302935	3427	3544	-	5S
OWC_1375	OWC_1375_scaffold_4735	5637	6627	+	(partial) 16S
OWC_1804	OWC_1804_k121_24131973	3604	3720	-	5S
OWC_2080	OWC_2080_scaffold_320668	1	2186	-	(partial) 23S
OWC_0222	OWC_0222_k121_276154	1	113	-	(3' truncated) 5S
OWC_0138	OWC_0138_k121_18400102	4098	4212	+	5S
OWC_1887	OWC_1887_k121_16469599	6	114	+	5S
OWC_0580	OWC_0580_scaffold_10532	1	97	+	(5' truncated) 5S
OWC_0010	OWC_0010_k121_2771831	15910	16030	+	5S
OWC_0010	OWC_0010_k121_3323719	5062	5180	-	(5' truncated) 5S
OWC_0010	OWC_0010_k121_4225653	1	2005	-	(partial) 23S
OWC_0058	OWC_0058_scaffold00217	51996	52106	-	(5' truncated) 5S
OWC_1420	OWC_1420_k121_36002738	10961	11077	-	5S
OWC_0630	OWC_0630_k121_1457455	301	416	+	5S
OWC_0899	OWC_0899_k121_11979463	18	134	+	5S
OWC_1647	OWC_1647_scaffold_2410	11293	12527	+	(3' truncated) 16S
OWC_2325	OWC_2325_scaffold_2590	1	1270	-	(partial) 23S
OWC_2325	OWC_2325_scaffold_2590	1907	3447	-	16S
OWC_0559	OWC_0559_k121_2497256	19959	20075	-	5S
OWC_0453	OWC_0453_scaffold_1273	14856	14971	-	5S
OWC_2153	OWC_2153_k121_1776366	4638	4751	-	5S
OWC_1912	OWC_1912_k121_214174	558	669	+	5S
OWC_0650	OWC_0650_scaffold34880	8	124	+	5S
OWC_0217	OWC_0217_k121_6197946	1	104	-	(3' truncated) 5S
OWC_0006	OWC_0006_k121_5003155	1943	2063	+	5S
OWC_1960	OWC_1960_k121_21382335	228	340	+	5S
OWC_1722	OWC_1722_scaffold16224	1	1022	-	(partial) 16S
OWC_0994	OWC_0994_k121_3197116	908	1025	-	5S
OWC_0994	OWC_0994_k121_5419175	1	103	-	(3' truncated) 5S
OWC_0203	OWC_0203_k121_8945835	6025	6145	+	5S
OWC_0892	OWC_0892_k121_5757115	3076	3180	-	(5' truncated) 5S
OWC_0799	OWC_0799_k121_12716124	3167	3283	-	5S
OWC_0829	OWC_0829_scaffold_3191	12196	12312	-	5S
OWC_1231	OWC_1231_scaffold_4514	4961	5077	-	5S
OWC_2158	OWC_2158_scaffold_38487	334	447	+	5S
OWC_1252	OWC_1252_scaffold_29	17850	17945	-	(5' truncated) 5S
OWC_1018	OWC_1018_k121_40104360	5620	5736	-	5S
OWC_1018	OWC_1018_k121_27776710	4351	4450	-	(5' truncated) 5S
OWC_0515	OWC_0515_k121_7919069	1885	4466	+	(3' truncated) 23S
OWC_0515	OWC_0515_k121_6169739	705	2741	+	(partial) 23S
OWC_0171	OWC_0171_k121_27483942	8352	8406	+	(partial) 5S
OWC_1394	OWC_1394_k121_5653883	33693	33805	-	(5' truncated) 5S
OWC_1394	OWC_1394_k121_6839889	1	113	+	(5' truncated) 5S
OWC_0903	OWC_0903_k121_4413423	14	130	+	5S
OWC_1284	OWC_1284_k121_10289097	2195	2311	-	5S
OWC_1131	OWC_1131_k121_6292270	487	602	+	5S
OWC_2229	OWC_2229_k121_7520483	4858	4968	-	(5' truncated) 5S
OWC_2113	OWC_2113_scaffold_20357	2116	2229	-	5S
OWC_0270	OWC_0270_k121_7872613	4195	4258	+	(partial) 5S
OWC_2499	OWC_2499_k121_11187678	486	602	+	5S
OWC_2499	OWC_2499_k121_22108874	119401	120791	+	(3' truncated) 16S
OWC_0139	OWC_0139_k121_4708308	12091	12205	+	5S
OWC_0139	OWC_0139_k121_8349327	1	1005	-	(partial) 16S
OWC_1068	OWC_1068_k121_6984339	522	638	+	5S
OWC_0120	OWC_0120_k121_2644785	10957	11070	-	5S
OWC_0120	OWC_0120_k121_24246102	5233	6680	+	16S
OWC_0120	OWC_0120_k121_24246102	9015	12473	+	(3' truncated) 23S
OWC_1431	OWC_1431_k121_2080169	508	624	+	5S
OWC_0700	OWC_0700_k121_33262579	258	374	+	5S
OWC_1008	OWC_1008_k121_5089614	10727	10844	-	5S
OWC_0148	OWC_0148_k121_21595391	41220	42694	+	16S
OWC_0170	OWC_0170_k121_440387	325	1800	-	16S
OWC_1701	OWC_1701_k121_13971201	6447	6563	-	5S
OWC_1803	OWC_1803_k121_208008	370	486	+	5S
OWC_1185	OWC_1185_k121_18343770	1967	2083	-	5S
OWC_1578	OWC_1578_scaffold_2689	329	445	+	5S
OWC_1130	OWC_1130_k121_19919053	22392	22507	-	5S
OWC_0284	OWC_0284_scaffold_18394	1307	1426	+	5S
OWC_2181	OWC_2181_k121_167423	39	151	+	5S
OWC_0014	OWC_0014_k121_1923835	4359	4479	-	5S
OWC_0175	OWC_0175_scaffold_337	2692	2808	-	5S
OWC_0175	OWC_0175_scaffold_2222	360	3983	+	23S
OWC_0175	OWC_0175_scaffold_10695	3877	5356	+	16S
OWC_1592	OWC_1592_k121_22719209	408	523	+	5S
OWC_0567	OWC_0567_k121_9131943	5353	5469	-	5S
OWC_0348	OWC_0348_scaffold17472	1	947	-	(partial) 16S
OWC_2056	OWC_2056_k121_3170353	1	112	+	(5' truncated) 5S
OWC_2389	OWC_2389_k121_3992678	423	539	+	5S
OWC_2344	OWC_2344_k121_13612946	241	356	+	5S
OWC_0832	OWC_0832_k121_19354744	316	432	+	5S
OWC_0189	OWC_0189_k121_10073647	1	111	-	(3' truncated) 5S
OWC_1911	OWC_1911_k121_4288788	1	795	-	(partial) 16S
OWC_1911	OWC_1911_k121_10711881	6091	6199	-	5S
OWC_1911	OWC_1911_k121_10711881	6331	7340	-	(partial) 23S
OWC_2453	OWC_2453_k121_957040	1	1010	+	(partial) 23S
OWC_2453	OWC_2453_k121_957040	1139	1253	+	5S
OWC_2447	OWC_2447_k121_5089513	2647	2762	-	5S
OWC_0811	OWC_0811_k121_5783390	299	415	+	5S
OWC_0577	OWC_0577_k121_12399140	3556	3672	-	5S
OWC_2093	OWC_2093_k121_4571071	3	117	+	5S
OWC_0328	OWC_0328_k121_3253826	4418	4531	-	(5' truncated) 5S
OWC_0441	OWC_0441_k121_6843521	2597	2713	-	5S
OWC_0162	OWC_0162_k121_3071425	3325	3445	+	5S
OWC_0162	OWC_0162_k121_7467454	1	529	-	(partial) 16S
OWC_0165	OWC_0165_k121_3055540	1	121	+	(5' truncated) 5S
OWC_0165	OWC_0165_k121_6689602	1	122	-	5S
OWC_0169	OWC_0169_k121_7990776	2750	2871	-	5S
OWC_1943	OWC_1943_scaffold_38146	2260	2374	-	5S
OWC_1499	OWC_1499_k121_19365203	457	573	+	5S
OWC_1017	OWC_1017_k121_18115246	3004	3121	-	5S
OWC_1017	OWC_1017_k121_28995756	4937	5054	-	5S
OWC_1017	OWC_1017_k121_29832324	159	275	+	5S
OWC_0781	OWC_0781_scaffold17025	6485	6601	-	5S
OWC_1845	OWC_1845_k121_10619001	6684	6797	-	5S
OWC_1845	OWC_1845_k121_10619001	7622	10526	-	23S
OWC_1845	OWC_1845_k121_23046407	4610	6158	+	16S
OWC_0298	OWC_0298_scaffold04511	8175	8294	+	5S
OWC_0425	OWC_0425_k121_3835037	3266	3382	-	5S
OWC_1687	OWC_1687_k121_52266261	8010	8126	-	5S
OWC_1362	OWC_1362_k121_655234	1	98	+	(5' truncated) 5S
OWC_2443	OWC_2443_k121_6594615	1	1031	+	(partial) 23S
OWC_2443	OWC_2443_k121_6594615	1164	1280	+	5S
OWC_1401	OWC_1401_scaffold_6201	4	120	+	5S
OWC_2159	OWC_2159_scaffold_7526	334	447	+	5S
OWC_0679	OWC_0679_scaffold_17277	429	545	+	5S
OWC_1001	OWC_1001_k121_4650841	7230	7347	-	5S
OWC_0272	OWC_0272_k121_5117541	1576	1695	+	5S
OWC_0456	OWC_0456_k121_449071	457	573	+	5S
OWC_1066	OWC_1066_k121_998528	4367	4483	+	5S
OWC_2017	OWC_2017_scaffold_5023	312	426	+	5S
OWC_0503	OWC_0503_k121_7234154	7421	8374	+	(partial) 16S
OWC_1949	OWC_1949_k121_571399	9072	9186	-	5S
OWC_0118	OWC_0118_k121_48440821	3524	3637	-	5S
OWC_0652	OWC_0652_scaffold_20904	1	101	+	(5' truncated) 5S
OWC_2455	OWC_2455_k121_7276037	5	120	+	5S
OWC_2455	OWC_2455_k121_8781730	1	2009	-	(partial) 23S
OWC_0158	OWC_0158_k121_16999989	1155	4057	+	23S
OWC_0158	OWC_0158_k121_16999989	4127	4247	+	5S
OWC_0765	OWC_0765_k121_57035902	2047	2675	+	(partial) 16S
OWC_0993	OWC_0993_k121_31799356	4606	4723	-	5S
OWC_2317	OWC_2317_scaffold_237	17794	17908	-	5S
OWC_0538	OWC_0538_k121_8026540	2525	3003	+	(partial) 16S
OWC_0238	OWC_0238_k121_1874296	6458	6577	-	5S
OWC_1611	OWC_1611_scaffold_7256	492	608	+	5S
OWC_1856	OWC_1856_k121_19365482	33045	34590	-	16S
OWC_1856	OWC_1856_k121_23822668	11555	15132	+	23S
OWC_1856	OWC_1856_k121_23822668	15975	16080	+	5S
OWC_1321	OWC_1321_k121_16125193	5391	5507	-	5S
OWC_1958	OWC_1958_k121_22265295	421	535	+	5S
OWC_0271	OWC_0271_k121_1918480	4597	4716	+	5S
OWC_0258	OWC_0258_k121_1324991	2388	2507	+	5S
OWC_1003	OWC_1003_scaffold15677	6730	6846	-	5S
OWC_0164	OWC_0164_k121_6221072	9335	9455	-	5S
OWC_0159	OWC_0159_k121_23327319	1	533	+	(partial) 16S
OWC_2248	OWC_2248_scaffold460500	394	1448	-	(partial) 16S
OWC_1840	OWC_1840_k121_19823512	1	2371	-	(3' truncated) 23S
OWC_1840	OWC_1840_k121_21098254	604	714	+	5S
OWC_1549	OWC_1549_k121_21083247	1	80	+	(partial) 5S
OWC_0843	OWC_0843_k121_14759290	3920	4037	-	5S
OWC_1463	OWC_1463_k121_60263461	2732	2848	-	5S
OWC_0558	OWC_0558_k121_33350162	7635	7751	-	5S
OWC_2456	OWC_2456_k121_292198	3054	3169	-	5S
OWC_1492	OWC_1492_k121_5672608	2171	2286	-	5S
OWC_0866	OWC_0866_scaffold_17609	4433	4518	-	(partial) 5S
OWC_1532	OWC_1532_k121_8329693	6473	8481	+	(partial) 23S
OWC_0316	OWC_0316_k121_2545128	2658	2776	+	5S
OWC_2130	OWC_2130_scaffold_1241	5087	5199	-	5S
OWC_1834	OWC_1834_k121_74155687	1	2553	-	(3' truncated) 23S
OWC_1834	OWC_1834_k121_74155687	10345	11850	-	16S
OWC_1834	OWC_1834_k121_1235637	31373	31489	-	5S
OWC_1834	OWC_1834_k121_34390046	18883	19542	+	(partial) 16S
OWC_2435	OWC_2435_k121_13485140	1874	1988	-	5S
OWC_2199	OWC_2199_k121_4213510	4800	4912	-	5S
OWC_0671	OWC_0671_k121_4004793	20964	21080	-	5S
OWC_0470	OWC_0470_k121_5356748	2629	2706	-	(partial) 5S
OWC_0686	OWC_0686_k121_8455423	14321	14437	-	5S
OWC_0686	OWC_0686_k121_8455423	14507	15590	-	(partial) 23S
OWC_0720	OWC_0720_k121_7812324	4504	5263	+	(partial) 16S
OWC_0720	OWC_0720_k121_12375697	2963	3072	-	5S
OWC_0357	OWC_0357_k121_10297866	1	676	-	(partial) 16S
OWC_0357	OWC_0357_k121_3880645	5646	6212	-	(partial) 16S
OWC_1957	OWC_1957_k121_27549196	409	523	+	5S
OWC_0277	OWC_0277_k121_5764266	1067	1186	-	5S
OWC_1426	OWC_1426_k121_12797661	4839	5780	+	(partial) 16S
OWC_1029	OWC_1029_scaffold10468	1	1396	-	(3' truncated) 16S
OWC_1029	OWC_1029_scaffold49212	509	626	+	5S
OWC_2441	OWC_2441_k121_21900372	44418	44534	-	5S
OWC_1928	OWC_1928_k121_8284073	4442	4556	-	5S
OWC_2111	OWC_2111_k121_4662483	1	112	+	(5' truncated) 5S
OWC_2111	OWC_2111_k121_3056376	1	112	+	(5' truncated) 5S
OWC_1850	OWC_1850_scaffold01599	2476	3968	+	16S
OWC_1850	OWC_1850_scaffold02972	15011	15120	-	5S
OWC_1850	OWC_1850_scaffold24546	4429	5984	+	(partial) 23S
OWC_2465	OWC_2465_k121_6150712	15238	17943	+	(3' truncated) 23S
OWC_2465	OWC_2465_k121_8108660	1686	3255	-	16S
OWC_2465	OWC_2465_k121_21269094	2257	2373	-	5S
OWC_1899	OWC_1899_k121_26910508	104	211	+	5S
OWC_0346	OWC_0346_k121_10173777	5094	5210	-	5S
OWC_1686	OWC_1686_k121_22467433	6781	6896	-	5S
OWC_1630	OWC_1630_k121_1147860	510	626	+	5S
OWC_1939	OWC_1939_k121_1027002	2365	2479	-	5S
OWC_0004	OWC_0004_k121_26071994	2225	2345	-	5S
OWC_0495	OWC_0495_scaffold_604	18393	18509	-	5S
OWC_0050	OWC_0050_k121_47948408	18373	18494	-	5S
OWC_0092	OWC_0092_scaffold_51301	289	404	+	5S
OWC_1114	OWC_1114_k121_5963394	7156	7271	-	5S
OWC_1520	OWC_1520_k121_5961365	289	405	+	5S
OWC_2213	OWC_2213_k121_12526722	1	1480	-	(3' truncated) 16S
OWC_0792	OWC_0792_k121_17116849	24	140	+	5S
OWC_0681	OWC_0681_k121_14517562	295	411	+	5S
OWC_2114	OWC_2114_k121_288047	305	418	+	5S
OWC_0289	OWC_0289_k121_2469858	1863	1982	+	5S
OWC_0496	OWC_0496_k121_160848	2421	2537	-	5S
OWC_2176	OWC_2176_k121_539548	3871	3984	-	5S
OWC_2353	OWC_2353_scaffold_52651	2972	3060	-	(partial) 5S
OWC_2068	OWC_2068_scaffold_1056	313	427	+	5S
OWC_1053	OWC_1053_k121_9160527	1	649	+	(partial) 16S
OWC_1534	OWC_1534_k121_4281540	512	628	+	5S
OWC_0112	OWC_0112_k121_9577857	4168	4281	+	5S
OWC_0228	OWC_0228_k121_2449220	2708	2829	-	5S
OWC_1307	OWC_1307_scaffold_14444	2928	3044	-	5S
