fieldsample_barcode	habitat_typenumber	mfd_sampletype	mfd_areatype	mfd_hab1	mfd_hab2	mfd_hab3	longitude	latitude	assembled	reads_n	reads_size_bp	reads_N50_bp	reads_len_max_bp	reads_len_min_bp	reads_mean_len_bp	reads_median_len_bp	reads_mean_q	reads_median_q	contigs_n	contigs_size_bp	contigs_N50_bp	contigs_len_max_bp	contigs_len_min_bp	contigs_mean_len_bp	contigs_median_len_bp	HQ_mags	MQ_mags	r_abund	r_abund_hq	nanopore	speed_bps	sampling_khz	device	minknow_v	basecaller	basecaller_v	mmlong2_v	ENA_id	ENA_raw1	ENA_raw2	ENA_raw3	ENA_reads
MFD00008	91E0	Soil	Natural	Forests	Temperate forests	Alluvial woodland	9.3609	55.6058	72.536	23435334	105350484629	7110	349643	200	4495	3605	12.7	17.7	66213	2532223883	104966	6433404	3000	38243	14432	57	137	46.34	17.717	R10.4.1	400	4	P24	22.12.5	Guppy	6.4.6	1.0.1	ERS14381618	ERX10640881	ERX10640882	ERX10640883	ERX10929519
MFD00031	91E0	Soil	Natural	Forests	Temperate forests	Alluvial woodland	11.4075	55.4191	59.252	28223414	94569070290	6552	516326	200	3350	1842	15.1	17.7	54096	1900637087	99282	4795655	3000	35134	12851	33	140	42.807	11.851	R10.4.1	400	4	P24	22.12.5	Guppy	6.4.6	1.0.1	ERS14381619	ERX10607238	ERX10607239	ERX10607240	ERX10967324
MFD00032	3150	Sediment	Natural	Freshwater	Standing freshwater	Lake, Rich pondweed	9.893109449	57.49172952	68.271	21431287	98059431109	7570	407306	200	4575	3542	12.5	17.1	77971	2380701152	67930	2890125	3000	30533	13653	44	147	34.933	11.804	R10.4.1	400	4	P24	22.12.5	Guppy	6.4.6	1.0.1	ERS14381617	ERX10607235	ERX10607236	ERX10607237	ERX10965621
MFD00072	6210	Soil	Natural	Grassland formations	Semi-natural dry grasslands	Calcareous grassland	11.4082	55.4185	57.4	14194245	76122725059	8753	516197	200	5362	4237	16.5	17.4	58252	1929379020	78581	2668337	3000	33121	14091	18	113	35.269	5.374	R10.4.1	400	4	P24	22.12.5	Guppy	6.4.6	1.0.1	ERS14381621	ERX10599522	ERX10599523	ERX10599524	ERX10967452
MFD00082	7120	Soil	Natural	Bogs, mires and fens	Sphagnum acid bogs	Degraded raised bog	9.974	56.7952	67.136	14121156	57219073863	5331	1563592	200	4052	3088	16.4	16.8	18573	1130923430	260638	6635579	3000	60890	15487	37	94	62.788	21.882	R10.4.1	400	4	P24	22.10.7	Guppy	6.3.9	1.0.1	ERS14381616	ERX10407526	ERX10407527	ERX10407528	ERX10967794
MFD00123	9150	Soil	Natural	Forests	Temperate forests	Beech forests Limestone	10.2384	56.1008	35.258	3376452	8589403830	6260	1092045	200	2543	840	16.7	17	14078	182463076	16732	488619	3000	12960	8741	0	5	20.612	0	R10.4.1	400	4	P24	22.12.5	Guppy	6.4.6	1.0.1	ERS14381620	ERX10599519	ERX10599520	ERX10599521	ERX10995503
MFD00125	9110	Soil	Natural	Forests	Temperate forests	Beech forests Luzulo-Fagetum	9.3585	56.3674	67.31	17956176	62830783859	5977	943769	200	3499	2485	15.7	19.6	37687	1236634121	76456	2875956	3000	32813	13756	16	67	39.691	14.346	R10.4.1	400	5	P24	23.04.5	Guppy	6.5.7	1.0.2	ERS15928270	ERX11271169	ERX11271170	ERX11271171	ERX11420354
MFD00392	6612	Soil	Agriculture	Fields	Fabids	Fabales, Faba bean	11.6269	55.4231	64.266	27562765	177535242276	9619	844664	200	6441	6523	18.7	19.2	73795	3772507743	115172	4635829	3001	51121	22943	36	256	32.778	5.383	R10.4.1	400	5	P24	23.04.5	Guppy	6.5.7	1.0.2	ERS16252354	ERX11405813	ERX11405814	ERX11405815	ERX11423448
MFD00709	3150	Sediment	Natural	Freshwater	Standing freshwater	Lake, Rich pondweed	9.854411784	55.9091489	51.484	36396169	95250481784	5949	650397	200	2617	1147	14.8	18.4	74729	1677312514	43583	3237606	3000	22445	10767	10	123	26.726	2.09	R10.4.1	400	5	P24	23.04.5	Guppy	6.5.7	1.0.2	ERS16252355	ERX11398551	ERX11398552	ERX11398553	ERX11423440
MFD00731	2320	Soil	Natural	Dunes	Inland dunes	Inland dunes Empetrum nigrum	10.2307	56.2289	75.536	23827255	157798915815	8407	878234	200	6622	5380	12.1	17.5	70131	3256364073	132933	7736568	3000	46432	17021	76	172	43.554	19.56	R10.4.1	400	4	P24	22.10.7	Guppy	6.3.9	1.0.1	ERS14381615	ERX10465200	ERX10465201	ERX10465202	ERX10970173
MFD00822	1300	Soil	Natural	Coastal	Salt marshes and salt meadows		9.612	56.9676	71.13	35828984	124178906303	6969	331254	200	3465	1874	15	17.3	76098	2557615464	90333	4833070	3000	33609	12726	62	133	40.371	14.134	R10.4.1	400	4	P24	22.12.5	Guppy	6.4.6	1.0.1	ERS14381647	ERX10675176	ERX10675177	ERX10675178	ERX10929525
MFD00905	3150	Sediment	Natural	Freshwater	Standing freshwater	Lake, Rich pondweed	9.831926013	55.91690451	60.752	46056053	137404198242	5675	631775	200	2983	1846	11.7	18.7	57591	2101331674	97537	7515525	3000	36487	13725	37	153	34.364	8.345	R10.4.1	400	5	P24	23.04.5	Guppy	6.5.7	1.0.2	ERS15928271	ERX11218571	ERX11218572	ERX11218573	ERX11419403
MFD00962	6210	Soil	Natural	Grassland formations	Semi-natural dry grasslands	Calcareous grassland	11.7698	55.5165	62.721	25908276	145032245117	8087	359252	200	5597	4727	11.4	17.2	136887	3902188818	63085	3597790	3000	28506	12869	38	198	31.144	6.058	R10.4.1	400	4	P24	22.12.5	Guppy	6.4.6	1.0.1	ERS14381627	ERX10639873	ERX10639874	ERX10639875	ERX10975310
MFD00964	2310	Soil	Natural	Dunes	Inland dunes	Inland dunes Genista	9.1593	56.0298	72.845	21977121	143187387966	8254	905353	200	6515	5403	12.2	17.8	92994	3768829095	100297	5832828	3000	40527	16436	68	184	38.97	12.276	R10.4.1	400	4	P24	22.10.7	Guppy	6.3.9	1.0.1	ERS14381613	ERX10465203	ERX10465204	ERX10465205	ERX10975311
MFD00991	3160	Sediment	Natural	Freshwater	Standing freshwater	Lake, Dystrophic	10.41869213	56.52110487	62.835	21740743	91504173228	6908	604066	200	4208	3907	12.3	17.2	51766	1746561057	83258	5033584	3000	33739	13744	26	106	37.384	9.381	R10.4.1	400	4	P24	22.12.5	Guppy	6.4.6	1.0.1	ERS15928272	ERX11129096	ERX11129097	ERX11129098	ERX11147786
MFD01112	7140	Soil	Natural	Bogs, mires and fens	Sphagnum acid bogs	Quaking bogs	8.5933	56.9351	52.619	36266687	32557534078	1269	623758	200	897	567	7.4	15	66948	620071584	11474	2460995	3000	9261	5566	10	53	47.087	12.74	R10.4.1	400	4	P24	22.12.5	Guppy	6.4.6	1.0.1	ERS14381654	ERX10650170	ERX10650171	ERX10650172	ERX10929528
MFD01138	9110	Soil	Natural	Forests	Temperate forests	Beech forests Luzulo-Fagetum	10.269441	55.134551	72.376	24266422	80344142309	6616	1474882	200	3310	1536	14.9	18.1	54643	1876548744	83355	4290878	3000	34341	13896	35	89	43.949	18.832	R10.4.1	400	4	P2	22.07.5	Guppy	6.3.2	1.0.1	ERS14381598	ERX10187575	ERX10187576	ERX10187577	ERX10207454
MFD01188	7140	Soil	Natural	Bogs, mires and fens	Sphagnum acid bogs	Quaking bogs	10.271228	55.123677	54.808	14315408	39870086536	4906	380864	200	2785	1811	16.6	16.3	146888	1901488727	16904	3732657	3000	12945	7837	23	92	37.236	14.9	R10.4.1	400	4	P24	22.12.5	Guppy	6.4.6	1.0.1	ERS15928273	ERX11129102	ERX11129103	ERX11129104	ERX11147785
MFD01213	2130	Soil	Natural	Dunes	Sea dunes	Fixed dunes (grey dunes)	10.4374	56.5224	61.412	19318727	112551473773	8513	1022061	200	5826	4773	13.9	17.2	51635	2513831581	122494	6950575	3000	48684	19330	40	143	34.157	10.41	R10.4.1	400	4	P24	22.10.7	Guppy	6.3.9	1.0.1	ERS14381612	ERX10407523	ERX10407524	ERX10407525	ERX10975312
MFD01223	7140	Soil	Natural	Bogs, mires and fens	Sphagnum acid bogs	Quaking bogs	9.4106	54.9741	67.411	9555596	25168453725	4014	959856	200	2633	1997	17.5	18.1	83170	1180200836	20344	3979865	3000	14190	7746	24	79	57.385	36.893	R10.4.1	400	4	P2	22.07.4	Guppy	6.2.1	1.0.1	ERS14381599	ERX10232806	ERX10232807	ERX10232808	ERX10207455
MFD01231	3160	Sediment	Natural	Freshwater	Standing freshwater	Lake, Dystrophic	9.410917085	54.97351103	70.32	42848379	63850420673	3084	384533	200	1490	706	12.5	16.5	25653	809500778	91325	5645311	3000	31555	11051	33	65	60.626	39.638	R10.4.1	400	4	P24	22.12.5	Guppy	6.4.6	1.0.1	ERS14381614	ERX10665082	ERX10665083	ERX10665084	ERX10929530
MFD01248	4130	Soil	Natural	Temperate heath and scrub	Temperate heath	Dry heath	9.6813	56.1067	75.923	11436586	55560145192	6327	845099	200	4858	4386	17.1	17.8	30022	1239571162	103175	5223562	3000	41288	16508	27	57	43.354	18.922	R10.4.1	400	4	P2	22.07.5	Guppy	6.3.2	1.0.1	ERS14381600	ERX10201237	ERX10201238	ERX10201239	ERX10207456
MFD01275	2120	Soil	Natural	Dunes	Sea dunes	Marram dunes (white dunes)	10.8089	56.5332	68.9	30219541	112756902955	7335	637654	200	3731	2258	17.8	19.5	33277	1857427595	245061	10090195	3000	55817	15258	92	150	44.016	20.077	R10.4.1	400	5	P24	23.04.5	Guppy	6.5.7	1.0.2	ERS16252356	ERX11278932	ERX11278933	ERX11278934	ERX11420846
MFD01299	3150	Sediment	Natural	Freshwater	Standing freshwater	Lake, Rich pondweed	8.627054339	55.80287147	51.713	46407353	119201802621	4711	809697	200	2568	1524	11.6	18.5	63023	1590916451	56558	5036327	3000	25243	10583	36	143	43.679	10.962	R10.4.1	400	5	P24	23.04.5	Guppy	6.5.7	1.0.2	ERS15928274	ERX11228890	ERX11228891	ERX11228892	ERX11419404
MFD01476	3160	Sediment	Natural	Freshwater	Standing freshwater	Lake, Dystrophic	8.826613964	56.50596583	68.003	22100849	70453509186	7253	587565	200	3187	1230	12.1	16.7	72080	1988109488	59329	7039462	3000	27581	11963	60	144	43.181	16.813	R10.4.1	400	4	P24	22.12.5	Guppy	6.4.6	1.0.1	ERS14381676	ERX10906765	ERX10906766	ERX10906767	ERX10996851
MFD01561	3200	Sediment	Natural	Freshwater	Running freshwater		10.085	57.4821	49.115	17624531	91870963397	7738	323275	200	5212	4661	15.2	17.4	33822	1240864943	92636	3617538	3000	36688	14849	9	68	21.843	2.9	R10.4.1	400	4	P24	22.12.5	Guppy	6.4.6	1.0.1	ERS14381630	ERX10639792	ERX10639793	ERX10639794	ERX10995507
MFD01633	2180	Soil	Natural	Dunes	Sea dunes	Wooded dunes	10.4749	57.6666	67.112	9535045	46983408505	7485	608447	200	4927	4207	16.8	17.2	108487	2855268437	45742	5984166	3001	26318	13450	47	143	48.835	15.584	R10.4.1	400	4	P24	22.12.5	Guppy	6.4.6	1.0.1	ERS14381622	ERX10599525	ERX10599526	ERX10599527	ERX10965197
MFD01689	7150	Soil	Natural	Bogs, mires and fens	Sphagnum acid bogs	Rhynchosporion depressions	8.4696	55.595	61.683	30250545	63167746858	3319	764147	200	2088	1361	14.3	17.2	33546	900975439	77584	7634710	3000	26857	9834	37	70	53.431	29.717	R10.4.1	400	4	P24	22.12.5	Guppy	6.4.6	1.0.1	ERS14381637	ERX10650167	ERX10650168	ERX10650169	ERX10975313
MFD01716	4110	Soil	Natural	Temperate heath and scrub	Temperate heath	Wet heath	8.9253	56.4939	78.813	24228199	112210146393	6728	1130222	200	4631	3631	11.1	17.2	54115	2264704904	135718	5241559	3000	41849	13990	75	127	53.194	22.409	R10.4.1	400	4	P24	22.10.6	Guppy	6.3.9	1.0.1	ERS14379753	ERX10186082	ERX10186083	ERX10186084	ERX10207457
MFD01721	1310	Soil	Natural	Coastal	Salt marshes and salt meadows	Salicornia mud	10.5019	55.4485	78.75	28183933	135402933653	6419	349901	200	4804	4167	16.7	18.1	47143	2432325695	225791	7504895	3000	51594	13731	153	186	69.238	37.682	R10.4.1	400	4	P24	22.12.5	Guppy	6.4.6	1.0.1	ERS14381693	ERX11040647	ERX11040648	ERX11040649	ERX11119394
MFD01828	7120	Soil	Natural	Bogs, mires and fens	Sphagnum acid bogs	Degraded raised bog	9.912	56.8261	68.622	18376279	50055493621	5345	918632	200	2723	1385	14.6	16.5	35503	1084563374	79990	6203763	3000	30548	11601	25	72	52.235	17.356	R10.4.1	400	4	P24	22.12.5	Guppy	6.4.6	1.0.1	ERS14381631	ERX10607242	ERX10607243	ERX10607244	ERX10929533
MFD01872	7230	Soil	Natural	Bogs, mires and fens	Calcareous fens	Alkaline fens	8.4984	55.6264	70.201	31888835	159709926572	7368	263953	200	5008	4061	16	17.6	115098	3812174393	83028	4153430	3000	33121	13417	72	214	35.564	11.58	R10.4.1	400	4	P24	22.12.5	Guppy	6.4.6	1.0.1	ERS14381679	ERX10958243	ERX10958244	ERX10958245	ERX10996854
MFD01916	2130	Soil	Natural	Dunes	Sea dunes	Fixed dunes (grey dunes)	10.4385	57.5446	62.48	16080018	92836955290	7939	452099	200	5773	5184	16.7	18.1	28031	1554944697	160289	11260833	3000	55472	18964	32	85	36.887	15.416	R10.4.1	400	4	P24	22.12.5	Guppy	6.4.6	1.0.1	ERS14381655	ERX10817703	ERX10817704	ERX10817705	ERX10995858
MFD02134	7700	Soil	Natural	Bogs, mires and fens	Wet thicket  (non-habitat type)		9.5887	56.0562	63.2	34371508	138083956026	6064	669357	200	4017	3354	15.6	19.5	67150	2480992117	98282	3678338	3000	36947	14013	46	169	37.839	9.704	R10.4.1	400	5	P24	23.04.5	Guppy	6.5.7	1.0.2	ERS15928275	ERX11228886	ERX11228887	ERX11228888	ERX11419405
MFD02138	7140	Soil	Natural	Bogs, mires and fens	Sphagnum acid bogs	Quaking bogs	10.5085	56.4556	50.774	44186844	38072146789	1258	604415	200	861	518	12.2	16	88893	862739586	11872	2625686	3000	9705	5801	15	62	48.72	16.924	R10.4.1	400	4	P24	22.12.5	Guppy	6.4.6	1.0.1	ERS14381657	ERX10668859	ERX10668860	ERX10668861	ERX10929534
MFD02159	6430	Soil	Natural	Grassland formations	Semi-natural tall-herb humid meadows	Hydrophilous tall-herb swamp	9.9165	56.3377	56.245	22909983	84328161597	6052	333609	200	3680	2980	12.9	17.7	58012	1537476742	58916	1471575	3000	26502	11859	20	94	34.478	7.556	R10.4.1	400	4	P24	22.12.5	Guppy	6.4.6	1.0.1	ERS15928276	ERX11129099	ERX11129100	ERX11129101	ERX11147784
MFD02199	6430	Soil	Natural	Grassland formations	Semi-natural tall-herb humid meadows	Hydrophilous tall-herb swamp	9.655	55.5948	61.961	12197320	92531655410	10379	244096	200	7586	6447	16.6	17.6	69874	2513002472	82368	4227830	3000	35964	16009	20	139	33.391	5.211	R10.4.1	400	4	P24	22.12.5	Guppy	6.4.6	1.0.1	ERS14381633	ERX10639816	ERX10639817	ERX10639818	ERX10929535
MFD02242	6430	Soil	Natural	Grassland formations	Semi-natural tall-herb humid meadows	Hydrophilous tall-herb swamp	10.105	56.2065	64.176	31901251	156412722843	7307	1067424	200	4903	4162	16.8	19.3	61124	2919838177	127592	4162540	3000	47769	18395	45	194	34.556	8.896	R10.4.1	400	5	P24	23.04.5	Guppy	6.5.7	1.0.2	ERS15928277	ERX11277737	ERX11277738	ERX11277739	ERX11420359
MFD02248	4110	Soil	Natural	Temperate heath and scrub	Temperate heath	Wet heath	10.9751	57.2786	73.676	24234527	116784577760	6170	394625	200	4818	4259	13	17.6	46718	2113637856	144850	8318174	3000	45242	15406	65	104	40.591	22.159	R10.4.1	400	4	P24	22.12.5	Guppy	6.4.6	1.0.1	ERS14381658	ERX10689290	ERX10689291	ERX10689292	ERX10929536
MFD02360	6210	Soil	Natural	Grassland formations	Semi-natural dry grasslands	Calcareous grassland	8.7192	57.0795	60.722	28864326	152851832053	7294	706317	200	5295	4464	18.6	19.3	78802	3030460982	75274	3128296	3000	38456	19884	32	157	28.236	6.348	R10.4.1	400	5	P24	23.04.5	Guppy	6.5.7	1.0.2	ERS15928278	ERX11253771	ERX11253772	ERX11253773	ERX11419406
MFD02416	1340	Soil	Natural	Coastal	Salt marshes and salt meadows	Inland salt meadows	9.5553	56.8577	80.077	39679836	148472945224	6227	367348	200	3741	2912	13.5	17.3	62133	2821772803	207049	7003164	3000	45415	12293	158	222	65.589	35.39	R10.4.1	400	4	P24	22.12.5	Guppy	6.4.6	1.0.1	ERS14381625	ERX10614349	ERX10614350	ERX10614351	ERX10975314
MFD02472	4110	Soil	Natural	Temperate heath and scrub	Temperate heath	Wet heath	10.2692	56.8232	59.813	29853257	37288737083	3220	518160	200	1249	499	10.1	16.2	95000	1388257996	21686	2117271	3000	14613	8270	10	58	31.862	8.698	R10.4.1	400	4	P24	22.12.5	Guppy	6.4.6	1.0.1	ERS14381626	ERX10599528	ERX10599529	ERX10599530	ERX10995504
MFD02579	7150	Soil	Natural	Bogs, mires and fens	Sphagnum acid bogs	Rhynchosporion depressions	10.9905	57.2803	70.499	10498817	63664690632	9168	346706	200	6063	5354	16.9	16.8	28980	1420564436	131195	8310967	3000	49018	18252	34	58	51.267	22.016	R10.4.1	400	4	P24	22.12.5	Guppy	6.4.6	1.0.1	ERS14381623	ERX10514062	ERX10514063	ERX10514064	ERX10975315
MFD02581	1220	Soil	Natural	Coastal	Sea cliffs and shingle or stony beaches	Perennial vegetation of stony banks	8.5876	56.7958	66.887	40019822	103196214550	5426	502626	200	2578	1266	13.4	17.7	63522	2113577660	107591	6517676	3000	33273	10927	72	168	52.831	18.413	R10.4.1	400	4	P24	22.12.5	Guppy	6.4.6	1.0.1	ERS14381656	ERX10672926	ERX10672927	ERX10672928	ERX10929539
MFD02671	2180	Soil	Natural	Dunes	Sea dunes	Wooded dunes	8.4288	56.9818	69.874	21517744	73308698304	5825	500108	200	3406	2214	12.5	17.4	36615	1414144064	123823	3998088	3000	38621	13078	35	89	53.637	17.463	R10.4.1	400	4	P24	22.12.5	Guppy	6.4.6	1.0.1	ERS14381624	ERX10514065	ERX10514066	ERX10514067	ERX10975316
MFD02809	6410	Soil	Urban	Urban	Greenspaces	Parks	10.0546	56.815	56.321	46470357	141479469560	6008	780180	200	3044	1642	11.6	18.5	125806	2891614698	45531	2811154	3000	22984	10782	25	196	29.06	4.157	R10.4.1	400	5	P24	23.04.5	Guppy	6.5.7	1.0.2	ERS15928279	ERX11253774	ERX11253775	ERX11253776	ERX11419407
MFD02832	1100	Sediment	Natural	Saltwater	Open sea and tidal areas		14.7874	55.0538	57.063	49736927	98125466215	3083	1066202	200	1972	1321	10.8	18.7	43441	1163847673	67306	4743223	3000	26791	10589	56	96	50.356	25.472	R10.4.1	400	5	P24	23.04.5	Guppy	6.5.7	1.0.2	ERS16252357	ERX11280969	ERX11280970	ERX11280971	ERX11420850
MFD02840	1200	Soil	Natural	Coastal	Sea cliffs and shingle or stony beaches		14.7807	55.0595	70.507	34084185	149980411371	7452	397466	200	4400	3420	15.8	17.5	106960	4052356339	109046	7719408	3000	37886	13543	94	243	46.611	15.032	R10.4.1	400	4	P24	22.12.5	Guppy	6.4.6	1.0.1	ERS14381639	ERX10845243	ERX10845244	ERX10845245	ERX10995509
MFD02923	1330	Soil	Natural	Coastal	Salt marshes and salt meadows	Atlantic salt meadows	8.8343	56.765	71.458	43104655	62042620612	3166	478433	200	1439	655	12.5	17.2	29683	969602651	99334	3434971	3000	32665	11104	55	98	61.483	24.269	R10.4.1	400	4	P24	22.12.5	Guppy	6.4.6	1.0.1	ERS14381653	ERX10649980	ERX10649981	ERX10649982	ERX10929541
MFD02979	3120	Sediment	Urban	Freshwater	Standing freshwater	Rainwater basin, City	10.0517	56.323	63.04	25622938	111193943967	6694	525710	200	4339	3352	15.7	17.9	78310	2331529343	77585	4802620	3000	29773	11556	51	152	37.755	10.685	R10.4.1	400	4	P2	22.07.4	Guppy	6.3.2	1.0.1	ERS14381601	ERX10206477	ERX10206478	ERX10206479	ERX10207458
MFD03044	3120	Sediment	Urban	Freshwater	Standing freshwater	Rainwater basin, City	10.3691	56.425	69.057	39867702	90483535436	3688	492693	200	2269	1415	13.5	16.9	43749	1379407111	89031	4028738	3000	31530	11372	51	96	55.632	31.938	R10.4.1	400	4	P24	22.12.5	Guppy	6.4.6	1.0.1	ERS14381661	ERX10864329	ERX10864330	ERX10864331	ERX10996327
MFD03066	6420	Soil	Urban	Urban	Greenspaces	Other	10.5828	56.3609	51.302	33853565	166199505837	6107	427485	200	4909	4378	15.9	18.1	98738	3089518861	67024	10076357	3000	31290	14335	21	160	25.37	2.974	R10.4.1	400	4	P24	22.12.5	Guppy	6.4.6	1.0.1	ERS14381662	ERX10906752	ERX10906753	ERX10906754	ERX10996328
MFD03250	1110	Water	Natural	Saltwater	Harbours		11.0731	55.677	87.924	14302835	102321211010	10521	672694	200	7153	5702	18.8	20.1	19087	1238763174	268511	6192661	3000	64900	18937	98	78	65.473	44.679	R10.4.1	400	5	P24	23.04.5	Guppy	6.5.7	1.0.2	ERS16252358	ERX11405084	ERX11405085	ERX11405086	ERX11423445
MFD03323	4110	Soil	Natural	Temperate heath and scrub	Temperate heath	Wet heath	9.6333	56.459	70.993	25787654	49857460100	3891	870444	200	1933	980	15	17.8	135920	1706242224	17001	5242980	3000	12553	7222	19	102	47.863	16.039	R10.4.1	400	5	P24	23.04.5	Guppy	6.5.7	1.0.2	ERS15928280	ERX11273251	ERX11273252	ERX11273253	ERX11420356
MFD03346	4130	Soil	Natural	Temperate heath and scrub	Temperate heath	Dry heath	9.2692	56.2436	78.019	16495208	73748563019	6340	664512	200	4470	3700	16.3	18.6	39086	1653182441	110096	6568462	3000	42296	16188	43	87	48.864	18.476	R10.4.1	400	4	P2	22.07.4	Guppy	6.3.2	1.0.1	ERS14381602	ERX10178546	ERX10178547	ERX10178548	ERX10207459
MFD03399	6230	Soil	Natural	Grassland formations	Semi-natural dry grasslands	Species-rich Nardus upland grassland	9.77493	57.18586	76.267	16861862	76232696160	6616	1158948	200	4521	3671	15.9	18.1	30961	1539684012	174794	7409497	3000	49729	15380	60	97	58.903	34.124	R10.4.1	400	4	P2	22.07.4	Guppy	6.3.2	1.0.1	ERS14381603	ERX10188964	ERX10188965	ERX10188966	ERX10207460
MFD03551	1100	Sediment	Natural	Saltwater	Open sea and tidal areas		10.4258	57.579	54.816	55062403	85719556596	2750	502286	200	1556	848	9.8	19.6	50043	1119916685	48593	2469951	3000	22379	9820	27	101	35.804	8.525	R10.4.1	400	5	P24	23.04.5	Guppy	6.5.7	1.0.2	ERS16252359	ERX11405776	ERX11405777	ERX11405778	ERX11423447
MFD03602	6420	Soil	Urban	Urban	Greenspaces	Other	9.9789	57.5907	49.251	17123805	54615774482	7262	576349	200	3189	1374	15.7	17.2	32459	1009828175	65408	2934898	3000	31110	14189	5	37	23.165	3.039	R10.4.1	400	4	P24	22.12.5	Guppy	6.4.6	1.0.1	ERS14381629	ERX10639795	ERX10639796	ERX10639797	ERX10995506
MFD03638	3110	Sediment	Urban	Freshwater	Standing freshwater	Enclosed water	9.0616	55.1881	27.39	11385341	6770812501	717	857303	200	594	337	17.4	16.9	5240	66816519	16832	399076	3000	12751	8269	0	4	27.19	0	R10.4.1	400	4	P2	22.07.4	Guppy	6.3.2	1.0.1	ERS14381604	ERX10176763			ERX10202240
MFD03726	3110	Sediment	Urban	Freshwater	Standing freshwater	Enclosed water	9.3209	55.2451	72.156	31498241	82708823561	4566	848867	200	2625	1838	16.1	17.6	54648	1557154395	75414	5561946	3000	28494	10648	73	131	56.757	19.806	R10.4.1	400	4	P2	22.07.4	Guppy	6.3.2	1.0.1	ERS14381605	ERX10223423	ERX10223424	ERX10223425	ERX10207461
MFD03804	3110	Sediment	Urban	Freshwater	Standing freshwater	Enclosed water	8.2025	56.6925	68.379	26146252	105500864744	6351	267220	200	4035	2865	14.8	17.7	55396	2259529437	138780	3558609	3000	40788	12965	81	151	45.543	18.551	R10.4.1	400	4	P24	22.12.5	Guppy	6.4.6	1.0.1	ERS14381632	ERX10639819	ERX10639820	ERX10639821	ERX10929542
MFD03899	3120	Sediment	Urban	Freshwater	Standing freshwater	Rainwater basin, City	10.1547	56.0667	54.498	25674539	109992793765	6645	1388879	200	4284	3651	16.6	18.2	47152	1665209860	91520	4185122	3000	35315	13462	25	125	33.707	6.972	R10.4.1	400	4	P2	22.07.4	Guppy	6.3.2	1.0.1	ERS14381606	ERX10189151	ERX10189152	ERX10189153	ERX10207462
MFD03975	6410	Soil	Urban	Urban	Greenspaces	Parks	9.28	56.1497	57.254	30930106	153648668498	7452	453524	200	4967	4000	14.3	17.4	121067	3495801650	65661	2938435	3000	28874	13068	26	188	31.716	5.374	R10.4.1	400	4	P24	22.12.5	Guppy	6.4.6	1.0.1	ERS14381628	ERX10630635	ERX10630636	ERX10630637	ERX10995505
MFD04212	2130	Soil	Natural	Dunes	Sea dunes	Fixed dunes (grey dunes)	12.2823	55.0396	65.068	19357524	118653086575	8492	453468	200	6129	5048	13.9	18.3	54343	2723312279	128273	7050730	3001	50113	19502	82	165	50.28	21.593	R10.4.1	400	4	P24	22.12.5	Guppy	6.4.6	1.0.1	ERS14381701	ERX11032527	ERX11032528	ERX11032529	ERX11119395
MFD04408	3120	Sediment	Urban	Freshwater	Standing freshwater	Rainwater basin, City	9.5294	55.2455	59.636	32892506	83557894425	3893	619226	200	2540	1867	15.8	17.4	57300	1307898010	47200	4560930	3000	22825	10079	34	135	41.299	10.579	R10.4.1	400	4	P2	22.07.4	Guppy	6.3.2	1.0.1	ERS14381607	ERX10190510	ERX10190511	ERX10190512	ERX10207463
MFD04428	6410	Soil	Natural	Grassland formations	Semi-natural tall-herb humid meadows	Molinia meadows	8.3158	55.7148	65.64	24664456	98147531072	7442	607809	200	3979	2380	16.6	18.7	71539	2120405240	60043	3673862	3000	29639	14339	26	104	30.688	8.069	R10.4.1	400	5	P24	23.04.5	Guppy	6.5.7	1.0.2	ERS15928281	ERX11257599	ERX11257600	ERX11257601	ERX11419408
MFD04434	2180	Soil	Natural	Dunes	Sea dunes	Wooded dunes	8.2445	55.7463	72.865	22015571	103793170291	6020	1060349	200	4714	4255	15.7	18.4	42064	1896144747	142652	5008362	3000	45077	15415	61	116	53.762	21.67	R10.4.1	400	4	P2	22.07.5	Guppy	6.3.2	1.0.1	ERS14381611	ERX10188312	ERX10188313	ERX10188314	ERX10207464
MFD04463	2180	Soil	Natural	Dunes	Sea dunes	Wooded dunes	8.2405	55.7443	77.239	28480491	139555105743	7448	298870	200	4900	4108	9.4	16.1	62057	3144712273	190796	6105235	3000	50674	15721	101	184	53.416	22.155	R10.4.1	400	4	P24	22.12.5	Guppy	6.4.6	1.0.1	ERS14381634	ERX10640884	ERX10640885	ERX10640886	ERX10929543
MFD04492	3160	Sediment	Natural	Freshwater	Standing freshwater	Lake, Dystrophic	9.699910829	56.05543277	60.575	36255917	88832403327	3935	620589	200	2450	1859	10.3	16.2	52187	1322733437	62353	5320406	3000	25346	10026	40	131	60.979	16.241	R10.4.1	400	4	P24	22.12.5	Guppy	6.4.6	1.0.1	ERS14381696	ERX10994671	ERX10994672	ERX10994673	ERX10998505
MFD04540	91D0	Soil	Natural	Forests	Temperate forests	Bog woodland	9.344	54.8082	61.316	36009536	79565695205	3300	437242	200	2209	1681	14.9	18.2	43853	1290147813	90979	8340193	3000	29419	10064	53	90	51.937	26.604	R10.4.1	400	4	P24	22.12.5	Guppy	6.4.6	1.0.1	ERS14381690	ERX10938301	ERX10938302	ERX10938303	ERX11032517
MFD04570	6410	Soil	Natural	Grassland formations	Semi-natural tall-herb humid meadows	Molinia meadows	9.821	56.8309	64.391	32301030	95638078196	6957	607737	200	2960	1305	16.6	18.4	100997	2148786319	37749	3041662	3000	21275	10961	17	82	27.553	6.799	R10.4.1	400	5	P24	23.04.5	Guppy	6.5.7	1.0.2	ERS15928282	ERX11257602	ERX11257603	ERX11257604	ERX11419409
MFD04580	2330	Soil	Natural	Dunes	Inland dunes	Inland dunes grass	9.0414	55.72	68.646	40113830	76636069328	6146	361535	200	1910	589	13.4	17.2	49796	1721720182	96141	6868257	3000	34575	12395	45	97	47.456	17.468	R10.4.1	400	4	P24	22.12.5	Guppy	6.4.6	1.0.1	ERS14381635	ERX10639876	ERX10639877	ERX10639878	ERX10929544
MFD04651	3200	Sediment	Natural	Freshwater	Running freshwater		9.996	56.1124	56.299	24667768	99804851777	7212	799724	200	4045	3404	12.1	17.3	38937	1699334246	134145	4694772	3000	43643	14005	59	121	47.072	19.731	R10.4.1	400	4	P24	22.12.5	Guppy	6.4.6	1.0.1	ERS14381649	ERX10690590	ERX10690591	ERX10690592	ERX10995855
MFD04716	3120	Sediment	Urban	Freshwater	Standing freshwater	Rainwater basin, City	10.6081	57.7283	69.557	37715722	144052477240	7475	545162	200	3819	2175	14.2	18.8	71550	2778284234	98505	6095823	3000	38829	15285	100	215	43.121	18.133	R10.4.1	400	5	P24	23.04.5	Guppy	6.5.7	1.0.2	ERS15928283	ERX11261914	ERX11261915	ERX11261916	ERX11419410
MFD04752	7120	Soil	Natural	Bogs, mires and fens	Sphagnum acid bogs	Degraded raised bog	9.427	55.4324	59.212	34768274	47263887629	2249	543711	200	1359	777	11.6	16.4	132205	1608935770	16618	2830750	3000	12170	6850	26	112	56.388	12.728	R10.4.1	400	4	P24	22.12.5	Guppy	6.4.6	1.0.1	ERS14381652	ERX10649983	ERX10649984	ERX10649985	ERX10929545
MFD04780	7140	Soil	Natural	Bogs, mires and fens	Sphagnum acid bogs	Quaking bogs	9.7671	57.1929	62.187	15289628	38591829994	5900	660274	200	2524	1004	16.6	16.8	118183	2166562420	29325	3481983	3000	18332	9873	31	156	45.089	10.29	R10.4.1	400	4	P24	22.12.5	Guppy	6.4.6	1.0.1	ERS14381688	ERX10938296	ERX10938297	ERX10938298	ERX11032523
MFD04850	6210	Soil	Natural	Grassland formations	Semi-natural dry grasslands	Calcareous grassland	8.6134	56.8489	61.769	20007146	154574355958	9793	966370	200	7725	7003	13.4	17.9	108693	4254798414	88448	3879407	3000	39145	17482	41	214	31.499	5.809	R10.4.1	400	4	P24	22.12.5	Guppy	6.4.6	1.0.1	ERS14381659	ERX10843925	ERX10843926	ERX10843927	ERX10996325
MFD04926	7110	Soil	Natural	Bogs, mires and fens	Sphagnum acid bogs	Active raised bogs	11.803	55.2941	43.811	13594713	8321580788	722	398312	200	612	406	16.8	15.3	15123	130024712	9984	902749	3000	8597	5601	2	12	55.608	4.78	R10.4.1	400	4	P24	22.12.5	Guppy	6.4.6	1.0.1	ERS14381664	ERX10675532	ERX10675533	ERX10675534	ERX10996330
MFD04935	2120	Soil	Natural	Dunes	Sea dunes	Marram dunes (white dunes)	8.4297	55.3523	59.834	25004664	111415338763	6032	342985	200	4455	3793	13	17.6	40061	1840014004	133036	7921682	3000	45930	15597	38	110	42.282	15.891	R10.4.1	400	4	P24	22.12.5	Guppy	6.4.6	1.0.1	ERS14381669	ERX10864326	ERX10864327	ERX10864328	ERX10996333
MFD04944	6230	Soil	Natural	Grassland formations	Semi-natural dry grasslands	Species-rich Nardus upland grassland	10.5752	54.9596	82.219	37188166	190465616801	6748	254293	200	5121	4538	14.4	18.5	56426	2776287842	194707	5010067	3000	49202	14363	114	187	39.755	18.977	R10.4.1	400	4	P24	22.12.5	Guppy	6.4.6	1.0.1	ERS14381689	ERX11040644	ERX11040645	ERX11040646	ERX11119393
MFD04967	9100	Soil	Natural	Forests	Temperate forests		10.5207	54.8533	75.498	15840925	91547245390	7355	498668	200	5779	5091	16.9	18.7	54020	2275787234	132378	8764536	3000	42128	14343	59	134	52.595	19.4	R10.4.1	400	4	P2	22.07.4	Guppy	6.3.2	1.0.1	ERS14381608	ERX10228445	ERX10228446	ERX10228447	ERX10207465
MFD05088	6141	Soil	Agriculture	Fields	Poales, Cereal	Barley, Spring	11.09569745	54.7141524	50.856	23653851	94090872277	5332	717465	200	3977	3321	11.3	17.4	62932	1655577151	56466	2012714	3000	26307	11992	12	129	30.403	2.826	R10.4.1	400	4	P24	22.12.5	Guppy	6.4.6	1.0.1	ERS14381663	ERX10914345	ERX10914346	ERX10914347	ERX10996329
MFD05176	6511	Soil	Agriculture	Fields	Superasterids	Caryophyllales, Sugar beet	12.03933871	54.8739716	56.499	35095068	138568777359	5811	570740	200	3948	3038	15.3	17.7	114443	3093858424	61078	1831297	3000	27034	11906	22	191	28.95	3.872	R10.4.1	400	4	P24	22.12.5	Guppy	6.4.6	1.0.1	ERS14381636	ERX10675173	ERX10675174	ERX10675175	ERX10998500
MFD05377	3100	Sediment	Natural	Freshwater	Standing freshwater		8.85114178	56.93737774	73.83	28154481	134185781717	7819	486264	200	4766	3606	13	17.2	81389	2871341239	83091	4784354	3000	35279	15082	46	119	31.528	10.857	R10.4.1	400	4	P24	22.12.5	Guppy	6.4.6	1.0.1	ERS14381677	ERX10977520	ERX10977521	ERX10977522	ERX10996852
MFD05379	7140	Soil	Natural	Bogs, mires and fens	Sphagnum acid bogs	Quaking bogs	8.8258	56.506	47.173	11588528	10518282287	1614	436660	200	907	456	17.1	16.1	29625	328542262	14194	1338536	3000	11090	7095	2	27	51.467	5.371	R10.4.1	400	4	P24	22.12.5	Guppy	6.4.6	1.0.1	ERS14381660	ERX10675529	ERX10675530	ERX10675531	ERX10996326
MFD05442	1330	Soil	Natural	Coastal	Salt marshes and salt meadows	Atlantic salt meadows	8.822	56.7368	70.593	27068894	156672348617	7194	346349	200	5787	5285	16.4	18.2	61367	3262109501	164622	5906996	3000	53157	17567	109	249	53.522	22.695	R10.4.1	400	4	P24	22.12.5	Guppy	6.4.6	1.0.1	ERS14381668	ERX10843931	ERX10843932	ERX10843933	ERX10996332
MFD05454	6210	Soil	Natural	Grassland formations	Semi-natural dry grasslands	Calcareous grassland	12.5121	54.9631	61.608	20093147	138391157077	8689	374982	200	6887	6178	13.4	17.8	115594	3920009629	72819	3232534	3000	33911	16098	19	179	22.821	2.468	R10.4.1	400	4	P24	22.12.5	Guppy	6.4.6	1.0.1	ERS14381670	ERX10689286	ERX10689287	ERX10689288	ERX10996334
MFD05502	4110	Soil	Natural	Temperate heath and scrub	Temperate heath	Wet heath	10.3164	55.77	74.822	24525166	131721789267	7283	560537	200	5370	4998	12.6	17.5	47739	2294814204	166095	5555368	3000	48070	15751	94	123	49.677	24.384	R10.4.1	400	4	P24	22.12.5	Guppy	6.4.6	1.0.1	ERS14381673	ERX10906760	ERX10906761	ERX10906762	ERX10996848
MFD05512	91D0	Soil	Natural	Forests	Temperate forests	Bog woodland	12.3921	55.7882	72.188	26980475	115385989045	5673	431224	200	4276	3826	16.2	18	42954	2160853268	176778	4432003	3000	50306	15559	84	162	57.815	27.711	R10.4.1	400	4	P24	22.12.5	Guppy	6.4.6	1.0.1	ERS14381671	ERX10683788	ERX10683789	ERX10683790	ERX10929546
MFD05513	9100	Soil	Natural	Forests	Temperate forests		10.1282	55.9873	64.978	31246991	145872912763	6944	644010	200	4668	3732	17.2	19.5	59098	2753104948	131629	6643497	3000	46585	17154	56	164	41.573	12.359	R10.4.1	400	5	P24	23.04.5	Guppy	6.5.7	1.0.2	ERS16252360	ERX11352354	ERX11352355	ERX11352356	ERX11423441
MFD05521	2170	Soil	Natural	Dunes	Sea dunes	Dunes creeping willow	9.6658	57.3069	68.277	30649595	152158795258	7916	319081	200	4964	4007	14.8	17.5	105449	3670759465	80334	4799201	3000	34810	15017	59	162	38.54	10.04	R10.4.1	400	4	P24	22.12.5	Guppy	6.4.6	1.0.1	ERS14381695	ERX11081454	ERX11081455	ERX11081456	ERX11119397
MFD05537	9100	Soil	Natural	Forests	Temperate forests		9.7462	55.2524	57.741	11005960	70256492628	9945	200269	200	6383	6319	17.2	18.3	23040	989720029	108038	8777251	3000	42956	17161	10	50	26.024	6.079	R10.4.1	400	4	P24	22.12.5	Guppy	6.4.6	1.0.1	ERS14381678	ERX10935406	ERX10935407	ERX10935408	ERX10996853
MFD05567	6210	Soil	Natural	Grassland formations	Semi-natural dry grasslands	Calcareous grassland	9.8535	55.2293	63.286	35749389	130946867929	6025	469759	200	3662	2796	15	17.7	107344	3352276193	79698	3546555	3000	31229	12232	50	202	40.392	8.838	R10.4.1	400	4	P24	22.12.5	Guppy	6.4.6	1.0.1	ERS14381686	ERX11010075	ERX11010076	ERX11010077	ERX11032524
MFD05580	7110	Soil	Natural	Bogs, mires and fens	Sphagnum acid bogs	Active raised bogs	9.5148	56.3838	83.29	26396400	81487662336	5174	1100615	200	3087	2291	14.6	17.7	30024	1262287826	139492	7004543	3000	42042	14111	55	86	61.774	26.083	R10.4.1	400	4	P2	22.07.4	Guppy	6.2.1	1.0.1	ERS14381609	ERX10225112	ERX10225113	ERX10225114	ERX10207466
MFD05674	3150	Sediment	Natural	Freshwater	Standing freshwater	Lake, Rich pondweed	9.842462439	54.90177423	56.543	46024914	133498908841	5301	586456	200	2900	1768	11.7	19	81044	2129161582	62857	4793920	3000	26271	10807	33	139	35.178	9.013	R10.4.1	400	5	P24	23.04.5	Guppy	6.5.7	1.0.2	ERS16252361	ERX11418574	ERX11418575	ERX11418576	ERX11420851
MFD05684	1310	Soil	Natural	Coastal	Salt marshes and salt meadows	Salicornia mud	8.2638	55.5312	77.065	36777318	143537147265	5523	395419	200	3902	3273	14.6	17.9	65579	2792332538	171715	5687249	3000	42579	12254	147	233	57.788	26.174	R10.4.1	400	4	P24	22.12.5	Guppy	6.4.6	1.0.1	ERS14381672	ERX10906756	ERX10906757	ERX10906758	ERX10996847
MFD05705	2190	Soil	Natural	Dunes	Sea dunes	Humid dune slacks	8.2063	55.7153	76.515	30071279	143655535090	6615	337155	200	4777	3948	16.4	17.9	55618	2328543502	144410	5157034	3000	41866	13996	88	126	50.81	19.963	R10.4.1	400	4	P24	22.12.5	Guppy	6.4.6	1.0.1	ERS14381680	ERX10958247	ERX10958248	ERX10958249	ERX10996855
MFD05747	6210	Soil	Natural	Grassland formations	Semi-natural dry grasslands	Calcareous grassland	12.4445	55.3414	61.095	32031295	132514895863	6431	658862	200	4137	3269	16.8	19.1	59476	2395756052	102105	5455767	3000	40281	15958	19	135	28.406	6.282	R10.4.1	400	5	P24	23.04.5	Guppy	6.5.7	1.0.2	ERS15928284	ERX11261918	ERX11261919	ERX11261920	ERX11419411
MFD05841	9000	Soil	Natural	Forests			9.9156	56.891	69.119	30162172	139715572018	6446	758653	200	4632	3844	17.8	18.9	82461	2977323419	79086	4026852	3000	36105	16106	46	180	40.436	10.618	R10.4.1	400	5	P24	23.04.5	Guppy	6.5.7	1.0.2	ERS16252362	ERX11418942	ERX11418943	ERX11418944	ERX11420852
MFD05942	6200	Soil	Agriculture	Fields	Poales, grass		9.6177	56.7771	70.992	37338575	146013592463	5698	441849	200	3910	3188	14.4	19.1	78955	3086804977	109980	5366867	3000	39095	14156	85	257	45.195	15.317	R10.4.1	400	5	P24	23.04.5	Guppy	6.5.7	1.0.2	ERS16252363	ERX11327803	ERX11327804	ERX11327805	ERX11420853
MFD06085		Soil	Natural	Natural, unassigned habitat			8.16335014	56.31252593	60.427	25524749	116439198351	6836	684921	200	4561	3740	17.9	19	51295	1895130773	81699	7809271	3000	36945	16307	27	105	30.822	6.713	R10.4.1	400	5	P24	23.04.5	Guppy	6.5.7	1.0.2	ERS16252364	ERX11279312	ERX11279313	ERX11279314	ERX11420847
MFD06092	4110	Soil	Natural	Temperate heath and scrub	Temperate heath	Wet heath	8.49378111	56.2604146	76.12	35984616	117742179767	5996	683979	200	3272	2052	14.9	19.1	60067	2563128743	126246	7333967	3000	42671	15110	64	173	53.863	15.019	R10.4.1	400	5	P24	23.04.5	Guppy	6.5.7	1.0.2	ERS15928285	ERX11264331	ERX11264332	ERX11264333	ERX11419412
MFD06229	7100	Soil	Natural	Bogs, mires and fens	Sphagnum acid bogs		10.10668968	56.20455878	59.864	25435632	156509733248	8682	1059630	200	6153	5355	17.9	19.2	53287	2754876239	130210	5374118	3000	51698	20945	29	152	28.997	5.486	R10.4.1	400	5	P24	23.04.5	Guppy	6.5.7	1.0.2	ERS16252365	ERX11398577	ERX11398578	ERX11398579	ERX11423442
MFD06298	6400	Soil	Natural	Grassland formations	Semi-natural tall-herb humid meadows		10.10253411	56.20216654	64.965	22177493	148693637902	8603	595750	200	6704	5849	19.5	19.9	63670	2756000475	102557	2963556	3002	43285	18690	30	127	26.012	5.203	R10.4.1	400	5	P24	23.04.5	Guppy	6.5.7	1.0.2	ERS16252366	ERX11278938	ERX11278939	ERX11278940	ERX11420845
MFD06435	3130	Sediment	Natural	Freshwater	Standing freshwater	Lake, Mixed Najas flexilis	8.46320698	57.0278885	64.363	29951475	128556822167	8088	777082	200	4292	2751	17.9	18.9	66270	2440338867	92189	5419901	3000	36824	14953	35	146	37.384	8.62	R10.4.1	400	5	P24	23.04.5	Guppy	6.5.7	1.0.2	ERS15928286	ERX11273896	ERX11273897	ERX11273898	ERX11420355
MFD06526	6230	Soil	Natural	Grassland formations	Semi-natural dry grasslands	Species-rich Nardus upland grassland	8.46523762	56.28098028	56.36	21107809	102009759034	7724	576353	200	4832	3586	16.4	19.1	48701	1789545056	67239	2818473	3000	36745	20285	12	70	23.019	4.86	R10.4.1	400	5	P24	23.04.5	Guppy	6.5.7	1.0.2	ERS16252367	ERX11279315	ERX11279316	ERX11279317	ERX11420848
MFD06714	2140	Soil	Natural	Dunes	Sea dunes	Decalcified Empetrum dunes	9.988333	55.207112	70.827	34900335	119886166166	6187	799742	200	3435	2277	15.4	19.1	66161	2465865893	93597	4860239	3000	37270	14833	44	142	39.22	9.915	R10.4.1	400	5	P24	23.04.5	Guppy	6.5.7	1.0.2	ERS16252368	ERX11399382	ERX11399383	ERX11399384	ERX11423443
MFD06742	9150	Soil	Natural	Forests	Temperate forests	Beech forests Limestone	12.534405	54.992122	62.581	31847917	172373468121	7977	596171	200	5412	4551	16.9	19.3	87269	3506534880	91465	8725057	3000	40180	17707	26	168	26.147	4.212	R10.4.1	400	5	P24	23.04.5	Guppy	6.5.7	1.0.2	ERS15928287	ERX11275140	ERX11275141	ERX11275142	ERX11420357
MFD07386	6161	Soil	Agriculture	Fields	Poales, Cereal	Rye, Winter, Hybrid	10.40836975	57.24016406	45.835	21324384	51547813791	4207	874861	200	2417	1621	12.6	17.2	33203	681625339	41067	5080856	3000	20529	9318	2	34	32.473	2.305	R10.4.1	400	4	P24	22.12.5	Guppy	6.4.6	1.0.1	ERS14381683	ERX10951240	ERX10951241	ERX10951242	ERX10998502
MFD07639	6141	Soil	Agriculture	Fields	Poales, Cereal	Barley, Spring	9.563648381	56.16870271	46.453	19806786	66111352429	4675	610891	200	3337	2751	13.6	16.4	29236	770633660	60951	2894038	3000	26359	11251	7	49	25.301	3.219	R10.4.1	400	4	P24	22.12.5	Guppy	6.4.6	1.0.1	ERS14381682	ERX10977523	ERX10977524	ERX10977525	ERX10998501
MFD07691	6111	Soil	Agriculture	Fields	Poales, Cereal	Oat, Spring	9.563648381	56.16870271	45.031	14915991	50345691875	5326	675534	200	3375	2749	16.5	17	25073	610010198	46047	1108809	3000	24329	11707	1	32	20.231	1.108	R10.4.1	400	4	P24	22.12.5	Guppy	6.4.6	1.0.1	ERS14381675	ERX10914353	ERX10914354	ERX10914355	ERX10996850
MFD07737	6822	Soil	Agriculture	Fields	Mixed crops	Grass, Clover, Rotation	9.081092275	56.43949598	33.872	10690932	33813341123	5342	743686	200	3162	2278	16.6	16.9	51851	880753693	25468	2540018	3000	16986	9717	9	25	19.643	6.727	R10.4.1	400	4	P24	22.12.5	Guppy	6.4.6	1.0.1	ERS14381684	ERX10935409	ERX10935410	ERX10935411	ERX10998503
MFD07751	6141	Soil	Agriculture	Fields	Poales, Cereal	Barley, Spring	9.408349892	56.70837654	39.255	16761293	41926514245	4387	923525	200	2501	1613	16	17	127399	1505678203	15156	1513293	3000	11818	7708	1	48	15.838	0.427	R10.4.1	400	4	P24	22.12.5	Guppy	6.4.6	1.0.1	ERS14381685	ERX10938973	ERX10938974	ERX10938975	ERX10998504
MFD07830	6142	Soil	Agriculture	Fields	Poales, Cereal	Barley, Spring, Green grain	10.07445384	57.15362473	22.674	13776434	19712492774	2437	864491	200	1430	836	17.4	17.5	37353	311946881	9676	398550	3000	8351	6012	3	5	7.973	3.403	R10.4.1	400	5	P24	23.04.5	Guppy	6.5.7	1.0.2	ERS16252369	ERX11280972	ERX11280973	ERX11280974	ERX11420849
MFD07841	6161	Soil	Agriculture	Fields	Poales, Cereal	Rye, Winter, Hybrid	10.41180434	57.32996759	38.15	15446763	40434121504	3962	840296	200	2617	2030	16.6	16.9	121841	1354720031	14246	814461	3000	11118	7182	2	52	18.654	1.371	R10.4.1	400	4	P24	22.12.5	Guppy	6.4.6	1.0.1	ERS14381681	ERX10951243	ERX10951244	ERX10951245	ERX10996856
MFD07987	6161	Soil	Agriculture	Fields	Poales, Cereal	Rye, Winter, Hybrid	9.399815281	55.89979192	32.76	13653850	35219476291	3890	711898	200	2579	2025	16.6	16.9	88501	974078934	14000	586161	3000	11006	7197	5	26	16.632	3.752	R10.4.1	400	4	P24	22.12.5	Guppy	6.4.6	1.0.1	ERS14381691	ERX10956818	ERX10956819	ERX10956820	ERX11032518
MFD08079	6143	Soil	Agriculture	Fields	Poales, Cereal	Barley, Winter	9.547155753	55.00063561	46.968	16184320	50785493945	4305	643632	200	3137	2690	16.3	17.1	23075	544129511	47935	3167882	3001	23580	10914	5	36	24.999	3.7	R10.4.1	400	4	P24	22.12.5	Guppy	6.4.6	1.0.1	ERS14381648	ERX10910660	ERX10910661	ERX10910662	ERX10995854
MFD08203	6131	Soil	Agriculture	Fields	Poales, Cereal	Maize	9.397977559	55.72009186	43.033	4382822	5718005615	2863	739163	200	1304	589	15.7	15.9	13771	206886312	22463	1010779	3000	15023	8348	3	5	18.505	8.353	R10.4.1	400	4	P24	22.12.5	Guppy	6.4.6	1.0.1	ERS14381705	ERX10956821	ERX10956822	ERX10956823	ERX10998508
MFD08353	6132	Soil	Agriculture	Fields	Poales, Cereal	Maize, Silage	9.238241941	55.63065102	32.931	12305214	33370201647	4114	576352	200	2711	2278	16.7	17.1	63047	781935416	16152	834965	3000	12402	8053	1	14	14.633	0.869	R10.4.1	400	4	P24	22.12.5	Guppy	6.4.6	1.0.1	ERS14381651	ERX10911464	ERX10911465	ERX10911466	ERX10995857
MFD08416	6422	Soil	Agriculture	Fields	Asterids	Solanales, Potato, Starch	9.235554331	55.18136402	40.432	13703535	41308194782	4724	992363	200	3014	2365	16.6	16.9	94229	1382469386	20297	2281657	3000	14671	8922	9	51	20.492	4.977	R10.4.1	400	4	P24	22.12.5	Guppy	6.4.6	1.0.1	ERS14381694	ERX10994675	ERX10994676	ERX10994677	ERX10998509
MFD08447	6141	Soil	Agriculture	Fields	Poales, Cereal	Barley, Spring	9.742093554	57.06619413	35.933	8644573	24820225827	4611	712891	200	2871	2149	16.8	18	67166	799570394	15237	612114	3000	11904	7979	2	27	17.791	2.269	R10.4.1	400	5	P24	23.04.5	Guppy	6.5.7	1.0.2	ERS16252370	ERX11404724	ERX11404725	ERX11404726	ERX11423446
MFD08462	6141	Soil	Agriculture	Fields	Poales, Cereal	Barley, Spring	10.21910616	56.52338511	43.391	16299049	43742086790	4105	513234	200	2683	2089	16.5	17.1	109521	1519133485	19264	923134	3000	13870	8533	3	57	18.249	1.333	R10.4.1	400	4	P24	22.12.5	Guppy	6.4.6	1.0.1	ERS14381697	ERX10977526	ERX10977527	ERX10977528	ERX10998506
MFD08486	6162	Soil	Agriculture	Fields	Poales, Cereal	Rye, Winter, Hybrid (Triticale)	9.915848567	57.42438895	38.46	9878060	25332766034	3756	560126	200	2564	1983	17.1	17.2	13102	243142960	35179	719178	3000	18557	8893	3	17	27.15	3.812	R10.4.1	400	4	P24	22.12.5	Guppy	6.4.6	1.0.1	ERS14381698	ERX10938976	ERX10938977	ERX10938978	ERX10998507
MFD08497	6143	Soil	Agriculture	Fields	Poales, Cereal	Barley, Winter	9.742093554	57.06619413	50.078	40908801	109690379088	3883	590656	200	2681	1908	13.1	17.5	92856	1750051072	34853	2244988	3000	18846	9222	9	106	25.449	2.829	R10.4.1	400	4	P24	22.12.5	Guppy	6.4.6	1.0.1	ERS14381699	ERX11109142	ERX11109143	ERX11109144	ERX11119398
MFD08669	6141	Soil	Agriculture	Fields	Poales, Cereal	Barley, Spring	8.920947061	55.45114444	46.167	11579622	35311472982	4640	537351	200	3049	2461	16.6	17	93732	1427753863	22117	1819343	3000	15232	8790	10	83	23.921	4.42	R10.4.1	400	4	P24	22.12.5	Guppy	6.4.6	1.0.1	ERS14381644	ERX10911461	ERX10911462	ERX10911463	ERX10995851
MFD08691	6123	Soil	Agriculture	Fields	Poales, Cereal	Wheat, Winter	10.21337016	56.34373946	43.578	17211595	43745933741	3874	591884	200	2541	2048	15.6	16.9	155604	1778891884	14872	1734249	3000	11432	7264	7	76	22.069	2.408	R10.4.1	400	4	P24	22.12.5	Guppy	6.4.6	1.0.1	ERS14381650	ERX10690593	ERX10690594	ERX10690595	ERX10995856
MFD08700	6112	Soil	Agriculture	Fields	Poales, Cereal	Oat, Spring, Green grain	8.763379686	55.36108282	49.889	13108994	40924306884	4848	476092	200	3121	2526	16.4	16.7	114711	1661397054	19972	1923746	3000	14483	8802	12	61	23.7	8.011	R10.4.1	400	4	P24	22.12.5	Guppy	6.4.6	1.0.1	ERS14381645	ERX10843928	ERX10843929	ERX10843930	ERX10995852
MFD08767	6212	Soil	Agriculture	Fields	Poales, grass	Grass for crop, Ryegrass	9.237157824	55.45094022	43.708	10918323	33575715986	5792	776661	200	3075	1899	16.5	16.6	76029	1192420862	21818	1196874	3000	15683	9507	4	45	17.464	2.014	R10.4.1	400	4	P24	22.12.5	Guppy	6.4.6	1.0.1	ERS14381646	ERX10817712	ERX10817713	ERX10817714	ERX10995853
MFD08821	6143	Soil	Agriculture	Fields	Poales, Cereal	Barley, Winter	9.394363859	55.36067573	50.283	16377837	42877897960	4554	684948	200	2618	1757	16.4	16.9	166092	2075943428	16476	1550193	3000	12498	7827	10	79	23.726	3.674	R10.4.1	400	4	P24	22.12.5	Guppy	6.4.6	1.0.1	ERS14381638	ERX10645097	ERX10645098	ERX10645099	ERX10995508
MFD08988	6141	Soil	Agriculture	Fields	Poales, Cereal	Barley, Spring	10.23671779	57.0622884	41.152	27148902	58461661461	4122	672407	200	2153	1188	10.8	16.7	32996	644687768	37233	1810984	3000	19538	9333	3	43	29.209	2.036	R10.4.1	400	4	P24	22.12.5	Guppy	6.4.6	1.0.1	ERS14381643	ERX10910657	ERX10910658	ERX10910659	ERX10995850
MFD09018	6713	Soil	Agriculture	Fields	Malvids	Brassicales, Rapeseed, Winter	10.21337016	56.34373946	51.189	19773271	76688722087	5358	779373	200	3878	3149	13.6	17.5	48790	1229048667	51056	3214554	3000	25190	11675	14	76	29.324	5.604	R10.4.1	400	4	P24	22.12.5	Guppy	6.4.6	1.0.1	ERS14381642	ERX10668856	ERX10668857	ERX10668858	ERX10975317
MFD09055	6111	Soil	Agriculture	Fields	Poales, Cereal	Oat, Spring	10.51551929	55.80125128	50.175	16131662	61815835891	5670	445395	200	3831	3323	16.4	17.6	39246	954843428	47759	1577780	3000	24329	11521	4	68	33.254	1.894	R10.4.1	400	4	P24	22.12.5	Guppy	6.4.6	1.0.1	ERS14381692	ERX11002268	ERX11002269	ERX11002270	ERX11032519
MFD09126	6141	Soil	Agriculture	Fields	Poales, Cereal	Barley, Spring	11.61913871	55.60291274	49.451	19607412	70815884568	5189	513417	200	3611	3054	13.7	17.2	40521	956350856	45731	3461024	3000	23601	11324	9	56	26.401	4.927	R10.4.1	400	4	P24	22.12.5	Guppy	6.4.6	1.0.1	ERS14381700	ERX11002273	ERX11002274	ERX11002275	ERX11032520
MFD09206	6120	Soil	Natural	Grassland formations	Natural grasslands	Xeric sand calcareous grasslands	10.25672	56.90236	58.855	21880486	117247692474	7192	541627	200	5358	4640	12.3	17.5	71703	2558226564	70186	7491284	3000	35678	17978	36	126	31.499	10.572	R10.4.1	400	4	P24	22.12.5	Guppy	6.4.6	1.0.1	ERS14381702	ERX11010072	ERX11010073	ERX11010074	ERX11032522
MFD09212	6120	Soil	Natural	Grassland formations	Natural grasslands	Xeric sand calcareous grasslands	10.25675	56.90241	58.51	27042024	141278129301	7160	496870	200	5224	4501	14.8	17.7	72802	2707464507	96062	9536885	3000	37189	14226	48	136	37.371	13.181	R10.4.1	400	4	P24	22.12.5	Guppy	6.4.6	1.0.1	ERS14381640	ERX10675170	ERX10675171	ERX10675172	ERX10975318
MFD09222	4110	Soil	Natural	Temperate heath and scrub	Temperate heath	Wet heath	9.2476	56.2643	74.008	40951213	96769495827	4947	782387	200	2363	1121	13.1	18.3	85070	2208714660	56111	5556121	3000	25963	11282	59	122	42.836	19.232	R10.4.1	400	5	P24	23.04.5	Guppy	6.5.7	1.0.2	ERS15928288	ERX11276180	ERX11276181	ERX11276182	ERX11420358
MFD09267	6120	Soil	Natural	Grassland formations	Natural grasslands	Xeric sand calcareous grasslands	9.28746	56.98291	62.289	27850637	171377250327	7842	607450	200	6153	5317	17.7	18.3	109417	3737382607	77239	3315447	3000	34157	15206	48	243	35.047	7.161	R10.4.1	400	4	P24	22.12.5	Guppy	6.4.6	1.0.1	ERS14381703	ERX11109136	ERX11109137	ERX11109138	ERX11119399
MFD09286	2140	Soil	Natural	Dunes	Sea dunes	Decalcified Empetrum dunes	8.26815	56.81197	70.557	41508282	120514646724	5166	728750	200	2903	2023	12.9	17.4	66514	2424804739	97150	6696006	3000	36455	13880	63	148	45.887	18.28	R10.4.1	400	4	P24	22.12.5	Guppy	6.4.6	1.0.1	ERS14381704	ERX11099735	ERX11099736	ERX11099737	ERX11119396
MFD09368	6200	Soil	Natural	Grassland formations	Semi-natural dry grasslands		9.3861	54.8519	62.862	30948527	138643912556	6796	279479	200	4479	3456	17.3	18.4	78212	2827547573	86697	7663956	3000	36152	14699	44	136	37.607	14.831	R10.4.1	400	4	P24	22.12.5	Guppy	6.4.6	1.0.1	ERS14381687	ERX11081450	ERX11081451	ERX11081452	ERX11119392
MFD09400	2120	Soil	Natural	Dunes	Sea dunes	Marram dunes (white dunes)	15.0763	54.9911	25.969	5916815	6300419124	2315	263294	200	1064	464	17	17.1	7486	111422826	19802	967041	3001	14884	9553	1	2	15.437	7.473	R10.4.1	400	4	P24	22.12.5	Guppy	6.4.6	1.0.1	ERS14381665	ERX10675536	ERX10675537	ERX10675538	ERX10996331
MFD09495	2170	Soil	Natural	Dunes	Sea dunes	Dunes creeping willow	15.0805	54.9907	67.603	12390661	59357829902	6599	322352	200	4790	3960	16.9	17.7	21161	1207522379	197027	7080295	3000	57063	17113	43	75	51.733	26.563	R10.4.1	400	4	P24	22.12.5	Guppy	6.4.6	1.0.1	ERS14381666	ERX10683776	ERX10683777	ERX10683778	ERX10929549
MFD09567	7120	Soil	Natural	Bogs, mires and fens	Sphagnum acid bogs	Degraded raised bog	10.2565	55.2555	73.233	36981278	85584626059	4264	933484	200	2314	1356	14.5	18.2	50473	1413553623	64124	4961946	3000	28006	11773	28	90	51.548	20.635	R10.4.1	400	5	P24	23.04.5	Guppy	6.5.7	1.0.2	ERS15928289	ERX11264328	ERX11264329	ERX11264330	ERX11419413
MFD09603	8220	Soil	Natural	Rocky habitats and caves	Rocky slopes with vegetation	Siliceous rocky slopes	14.9796	55.2067	77.452	26695946	166697730801	8671	864635	200	6244	5300	15.5	18	60531	3470357688	188373	7978397	3000	57331	18562	112	239	55.736	23.479	R10.4.1	400	4	P24	22.12.5	Guppy	6.4.6	1.0.1	ERS14381674	ERX10914349	ERX10914350	ERX10914351	ERX10996849
MFD09671	2190	Soil	Natural	Dunes	Sea dunes	Humid dune slacks	15.0788	54.9903	66.556	51591081	96354697853	4248	284429	200	1867	816	10.4	17.1	49795	1887652469	166684	7603827	3000	37908	10845	57	123	46.1	18.328	R10.4.1	400	4	P24	22.12.5	Guppy	6.4.6	1.0.1	ERS14381667	ERX10683773	ERX10683774	ERX10683775	ERX10929550
MFD09730	3131	Sediment	Urban	Freshwater	Standing freshwater	Rainwater basin, Dried	12.0297	55.5412	60.854	25059079	106872937197	6830	819346	200	4264	3226	18.9	19.3	47627	1684886368	88999	5893072	3000	35376	14200	19	118	33.257	5.365	R10.4.1	400	5	P24	23.04.5	Guppy	6.5.7	1.0.2	ERS15928290	ERX11266171	ERX11266172	ERX11266173	ERX11419414
MFD09779	1300	Sediment	Natural	Saltwater	Fjords		8.1689	56.3361	66.347	36455460	131989045709	6121	874943	200	3620	2467	14.7	19.3	57683	2611437103	142259	4741237	3000	45272	15292	112	194	46.793	20.868	R10.4.1	400	5	P24	23.04.5	Guppy	6.5.7	1.0.2	ERS16252371	ERX11327806	ERX11327807	ERX11327808	ERX11420854
MFD09848	3120	Sediment	Urban	Freshwater	Standing freshwater	Rainwater basin, City	12.025	55.4573	56.168	29857853	93661502148	5527	886165	200	3136	2092	18	19	33522	1145655868	91876	2878366	3000	34176	12918	15	72	33.371	9.308	R10.4.1	400	5	P24	23.04.5	Guppy	6.5.7	1.0.2	ERS15928291	ERX11265205	ERX11265206	ERX11265207	ERX11420350
MFD09964	1300	Sediment	Natural	Saltwater	Fjords		9.0763	56.5565	67.361	39439311	128248984035	6343	818065	200	3251	1841	13.6	18.6	49421	2406048365	169346	4322629	3000	48684	14970	120	212	56.816	26.532	R10.4.1	400	5	P24	23.04.5	Guppy	6.5.7	1.0.2	ERS16252372	ERX11337411	ERX11337412	ERX11337413	ERX11420855
MFD10007	3110	Sediment	Urban	Freshwater	Standing freshwater	Enclosed water	12.4931	55.8579	60.844	41430091	133231594655	6251	585244	200	3215	1856	13	19.2	60374	1971238703	79506	4364050	3000	32650	13180	43	129	39.003	10.703	R10.4.1	400	5	P24	23.04.5	Guppy	6.5.7	1.0.2	ERS15928292	ERX11267358	ERX11267359	ERX11267360	ERX11420351
MFD10043	6410	Soil	Urban	Urban	Greenspaces	Parks	12.5417	56.075	61.747	14562861	55947840133	7907	624832	200	3841	2014	17	17.9	34678	972688670	66198	6168405	3000	28049	11781	4	57	27.797	2.965	R10.4.1	400	4	P24	22.12.5	Guppy	6.4.6	1.0.1	ERS14381641	ERX10910654	ERX10910655	ERX10910656	ERX10995849
MFD10064	2140	Soil	Natural	Dunes	Sea dunes	Decalcified Empetrum dunes	8.42712	56.91759	65.757	13776183	32999006272	4957	2347571	200	2395	1248	16.8	16.9	87191	1760685728	37548	4098448	3000	20193	9813	37	99	51.065	20.983	R10.4.1	400	4	P2	22.07.4	Guppy	6.3.2	1.0.1	ERS14381610	ERX10188411	ERX10188412	ERX10188413	ERX10207467
MFD10071	4130	Soil	Natural	Temperate heath and scrub	Temperate heath	Dry heath	9.26934	56.24389	68.277	26245549	73722522458	5873	670233	200	2808	1437	17.2	18.9	67837	1699757898	51781	4730636	3000	25056	11533	23	92	44.295	10.406	R10.4.1	400	5	P24	23.04.5	Guppy	6.5.7	1.0.2	ERS15928293	ERX11267362	ERX11267363	ERX11267364	ERX11420352
MFD10097	6130	Soil	Subterranean	Urban	Potential pollution	Pollution	10.146	56.121	47.134	73296227	51388468884	877	711515	200	701	505	7.3	18.1	15241	210121505	20748	779487	3000	13786	7497	12	31	73.875	42.505	R10.4.1	400	5	P24	23.04.5	Guppy	6.5.7	1.0.2	ERS15928294	ERX11271173	ERX11271174	ERX11271175	ERX11420353
MFD10113	6230	Soil	Natural	Grassland formations	Semi-natural dry grasslands	Species-rich Nardus upland grassland	10.53657601	56.22162665	60.211	28884820	138438507760	6988	600267	200	4792	4016	18.6	19.2	43266	2169956264	153738	4028098	3000	50153	17596	32	127	31.819	7.034	R10.4.1	400	5	P24	23.04.5	Guppy	6.5.7	1.0.2	ERS16252373	ERX11404623	ERX11404624	ERX11404625	ERX11423444
